voorkeursterm;alternatieve term;in kader;definitie;heeft bron;heeft bovenliggend begrip;heeft onderliggend begrip;is gerelateerd aan;toelichting;voorbeeld;is exact overeenkomstig;is overeenkomstig verwant;is specialisatie van;is generalisatie van;is onderdeel van;omvat;is exemplaar van;is categorie van;naam
Aanbodmodel;;;Een aanbodmodel is een weergave van het aanbod aan treindiensten van een spoorwegonderneming in termen van snelheid, stopplaatsen, frequentie en aansluitingen;;;;spoorwegonderneming;Dit model wordt t.b.v. de minister van V&W gemaakt.;;;;;;;;;;
Aannemer;;;Iemand die voor een door hem opgegeven prijs op zich neemt een werk uit te voeren.;Van Dale;;;;;;;;;;;;;;
Aanslagrail;aanslagspoorstaaf;;Een aanslagrail is een aangepast stuk spoorstaaf waar de wisseltong tegen aan kan drukken.;;spoorstaaf;;spoorstaaf, wisseltong;;;;;;;;;;;
Aanslagspoorstaaf;aanslagrail;;;;;;;;;;;;;;;;;
Aansluiting;;;Een aansluiting is een type dienstregelpunt dat uitsluitend is ingericht voor het samenkomen van 3 of meer vrije banen.;;dienstregelpunt;;dienstregelpunt, inframanagement, reizigersinformatie, reizigersaansluiting;"Deze definitie is gegeven vanuit het gezichtspunt van railinfra-topologie en vervoersplanning daarop.

Van Dale geeft:
1. Het zich voegen bij een groter geheel
2. Mogelijkheid om op een ander vervoermiddel over te stappen
3. Wat een verbinding, contact tot stand brengt

Definitie inframanagement (binnen EV TB): 3
Definitie reizigersinformatie  2 (zie ook “reizigersaansluiting”)";;;;;;;;;;
Aanwijzing;;;Een aanwijzing is een dwingende opdracht van de treindienstleider aan de machinist.;Regeling Spoorverkeer: https://wetten.overheid.nl/BWBR0017707/2023-01-01;;;treindienstleider, machinist;Een aanwijzing gaat altijd boven alle andere opdrachten.;;;;;;;;;;
Aardelektrode;;;Een aardelektrode is een geleidend deel of een groep van geleidende delen die met een aardversprei-dingsweerstand < 2,5 Ω in contact met de aarde staat en daarmee een elektrische verbinding tot stand brengt. ;Afgeleid van NEN1010;;;elektrische verbinding;"Doel van een aardelektrode is het afvoeren van elektrische stromen naar de aarde.
Dit kan dienstbaar zijn bij zwerfstromen in een elektrische installatie of bij blikseminslag.";;;;;;;;;;
Aarder;;;Een aarder is een inrichting, waarmee met behulp van een schakelaar, een aarding tot stand wordt ge-bracht.;;;;schakelaar, aarding;;;;;;;;;;;
Aarding;;;Een aarding is een elektrische verbinding met de aarde.;;elektrische verbinding;;elektrische verbinding;"Toepassing bij EV:
•	Een verbinding met de aarde al dan niet via andere verbindingen of onderdelen van een aar-dingsysteem.
•	Bij werkzaamheden: een tijdelijke verbinding tussen actieve delen en de retourleiding";;;;;;;;;;
Acceptatietest;;;Een acceptietest is een activiteit waarbij wordt bepaald of een product voldoet aan de acceptatiecriteria van gebruikers of beheerders.;;;;;"Er zijn 6 soorten acceptatietests:
1.	Fabrieksacceptatietest 
2.	Generic Application test 
3.	Specific Application test 
4.	Gebruikersacceptatietest
5.	Productieacceptatietest
6.	Functionele acceptatietest";;;;;;;;;;
Achterboom;;;Een achterboom is een overwegslagboom voor het afsluiten van het fiets- en/of voetgangersverkeer bij een AHOB en ADOB.;;overwegslagboom;;overwegslagboom;;;;;;;;;;;
Achteruitrijden;;;achteruitrijden is het verplaatsen van een materieelsamenstelling, waarbij de machinist zich niet in de voorlopende cabine bevindt, gezien in de rijrichting.;;;;machinist, cabine, treinverkeer;Onder voorwaarden (besluit treinverkeer) toegestaan.;;;;;;;;;;
Activiteitsoort;;;Een activiteitsoort is een soortaanduiding voor een bewegingsactiviteit.;;bewegingsactiviteit;;spoor, plantijd, trein, route, gebied, product, vervoerder, route, trein;"De volgende soorten worden onderscheiden: 
A	Aankomst
V	Vertrek
D	Doorkomst
K	Korte Stop
0	Nul-activiteit (doorkomst op een specifiek spoor zonder plantijd)

De volgende activiteitsoorten worden voor een trein onderkend: Aankomst, Vertrek, Doorkomst, Korte Stop (dit is een combinatie van een aankomst en een vertrek binnen één minuut) en een nul-activiteit (t.b.v. route vastlegging op spoorniveau/relevant herkenningspunt in een primair gebied). De activiteit-soorten Aankomst, Vertrek en Korte Stop zijn rechtstreeks gerelateerd aan het product van de vervoer-der, de activiteitsoorten Doorkomst en nul-activiteit zijn gerelateerd aan het route proces van de trein.";;;;;;;;;;
ARGoS;;;Actuele reisinformatie Globaal op Stations (argos) is een dynamische reisinformatiedisplay waarop actu-ele werkzaamheden en calamiteiten, en ook de gevolgen hiervan op de dienstregeling staan vermeld.;;;;reisinformatie, argos, dienstregeling;;;;;;;;;;;
Ad-hoc aanvraag;;;Een ad-hoc aanvraag is een capaciteitsaanvraag voor infrastructuur t.b.v. vervoer en voor beheer, als ook voor het afhandelen van verstoringen in de vorm van mutaties op het verdelingsplan dat binnen de ad hoc fase actueel is.;;;;infrastructuur, beheer, order;"Dit zijn aanvullingen op de capaciteitsverdeling die vastgelegd zijn in het verdelingsplan van de Jaar-dienst.
Een ad-hoc aanvraag gebeurt op emplacementsniveau middels LOA (Lokale order aanvraag-online), en op dienstregelniveau middels ISVL.
Een ad-hoc aanvraag is altijd op korte termijn (in de zgn. ad-hoc fase).";;;;;;;;;;
Afhandelingsafspraak;;;Een afhandelingsafspraak is de afspraak met een spoorwegonderneming in geval van bepaalde versto-ringen.;;;;spoorwegonderneming;;"Bijvoorbeeld:
•	Versperringsmaatregel
•	Maatregelen voor extreme weersomstandigheden
•	Wachttijden reizigerstrein (vastgelegd in TAD, Trein Afhandeling Document)
•	Afhandelingsstrategie vertraging (vastgelegd in TAD)";;;;;;;;;
Afhandelingstrategie vertraging;;;Een afhandelingstrategie vertraging is een afhandelingsafspraak waarin staat hoe de treindienstleider moet handelen bij een (oplopende) vertraging van een trein/ treinserie per station;;afhandelingsafspraak;;afhandelingsafspraak, treindienstleider, vertraging, trein, treinserie, station;Deze afhandelingstrategie vertraging wordt vastgelegd in een TAD (trein Afhandeling Document);;;;;;;;;;
Afrijden;;;afrijden is het passeren van een sein en een achterliggende sectiescheiding.;;;;sein, sectiescheiding, rijweg;Het gaat hier om gevallen waarbij het sein in de stand stop wordt teruggebracht, en om seinen die het begin van een rijweg markeren.;;;;;;;;;;
Afschermraam;gaasraam;;;;;;;;;;;;;;;;;
Afsluitlantaarn;;;Een afsluitlantaarn is een bord (was lantaarn) met de betekenis van een stoptonend sein.;Regeling Spoorverkeer: https://wetten.overheid.nl/BWBR0017707/2023-01-01;bord;;bord, sein;"In de Regeling Spoorverkeer heet dit bord: “Afsluitlantaren stop”

Zie ook: https://otl.prorail.nl/otl/vigerend/Afsluitlantaren-Stop ";;;;;;;;;;
Afspanning;;;Een afspanning is een mechanische voorziening aan een paal, die de trekkracht in de bovenleiding mogelijk maakt (vaste afspanning) of constant houdt (beweegbare afspanning).;;;;bovenleiding, afspanning;;;;;;;;;;;
Afspaninrichting;spaninrichting;;Een afspaninrichting is een inrichting om de rijdraad strak te trekken.;;;open afspaninrichting, gesloten afspaninrichting;rijdraad, open afspaninrichting, gesloten afspaninrichting;"Er wordt onderscheid gemaakt tussen open en gesloten afspaninrichtingen. 

Zie ook: https://otl.prorail.nl/otl/vigerend/Afspaninrichting";;;;;;;;;;
Aftrappen;;;aftrappen is het afkoppelen van één of meer materieeleenheden van een bestaande materieelsamenstel-ling.;;;;;;;;;;;;;;;
Agglo-Regio (AR);stoptrein;;;;;;;Wordt niet meer gebruikt. ;;;;;;;;;;
Alarmering bij calamiteit;;;Een alarmering bij calamiteit is de melding van een calamiteit inclusief het gekozen scenario.;;;;calamiteit;Afhankelijk van het gekozen scenario worden partijen wel of niet gealarmeerd.;;;;;;;;;;
Alarmoproep;;;Een alarmoproep is een waarschuwing voor alle betrokkenen in een bepaald gebied.;;;;gebied;Een alarmoproep wordt via GSM-R verzonden.;;;;;;;;;;
Algemeen leider;;;Een algemeen leider is een medewerker die verantwoordelijk is voor de “Algemene Leiding en coördina-tie” bij calamiteiten.;;medewerker;;medewerker;;;;;;;;;;;
Andreaskruis;;;Een andreaskruis is een kruis van twee of vier even lange, schuingeplaatste rood-wit geblokte planken.;;kruis;;kruis, spoor;"In Nederland komt een Andreaskruis alleen voor bij een overweg. Een kruis met:
•	Twee planken, ook wel genoemd ""enkel kruis"", betekent dat één spoor wordt gekruist;
•	Vier planken, ook wel genoemd ""dubbel kruis"", betekent dat twee of meer sporen worden ge-kruist.

Zie ook: https://otl.prorail.nl/otl/vigerend/Andreaskruis 
";TODO: Voorbeelden toevoegen Enkel Kruis en Dubbel Kruis;;;;;;;;;
Anti Icing Systeem;;;Een anti icing systeem (AIS) is een installatie waarmee een antivries mengsel aan de onderzijde van rij-tuigen wordt aangebracht.;;;;;"Hierdoor wordt sneeuw- en ijsafzetting verhinderd/verminderd.

Zie ook: https://otl.prorail.nl/otl/vigerend/Anti-Icinginstallatie ";;;;;;;;;;
Arbeidsveiligheid;;;arbeidsveiligheid is de omstandigheid om veilig te kunnen werken.;;;;veilig;;;;;;;;;;;
As spoor;spooras;;as spoor is een denkbeeldige lijn in de lengterichting van het midden van het spoor gerekend van de bovenkant van de spoorstaven.;;;;spoor;;;;;;;;;;;
Aslast;;;aslast is het gewicht (in tonnen) per as van een spoorvoertuig, inclusief de belading.;bijlagen A, J en K van de norm EN 15528:2008 ;;;spoorvoertuig, norm;De aslast wordt gepubliceerd in bijlagen A, J en K van de norm EN 15528:2008 (lijncategorieën en/of lo-comotiefklassen in combinatie met de toegestane snelheid).;;;;;;;;;;
Automatische Rijweg Instelling;;;Een automatische rijweg instelling (ARI) is een deelsysteem van procesleiding post 21, dat automatisch rijwegeninstellingen uitvoert, aan de hand van een actueel procesplan en de actueel gedetecteerde in-fratoestanden.;;;;post;;;;;;;;;;;
Assentelsysteem;;;Een assentelsysteem is een detectiesysteem, dat van een of meer passerende spoorvoertuigen het totaal aantal assen telt.;;;;;Zie ook: https://otl.prorail.nl/otl/vigerend/Assentelunit;;;;;;;;;;
Assessment;;productontwikkeling;Assessment is een activiteit waarin wordt beoordeeld of het totstandkomingsproces van een product correct is uitgevoerd en dat er adequate maatregelen zijn getroffen om de vooraf gedefinieerde risico’s af te dekken.;;;;productontwikkeling;;;;;;;;;;;
Assessment;;algemeen;Een assessment is een beoordelingsprogramma dat sollicitanten of kandidaten moeten doorlopen om voor een bepaalde functie aangenomen te worden of om te bepalen of zij over ontwikkelbare talenten be-schikken. ;;;;;;;;;;;;;;;
Asset;infraobject;;Engelse term voor infraobject.;;;;infraobject;Zie ook: https://otl.prorail.nl/otl/vigerend/Infra-Object;;;;;;;;;;
ATBNG baken;;;Een atbng baken is een onderdeel van de atbng waarmee veiligheidsinformatie wordt overgedragen van de spoorbaan naar de machinist.;;baken;;atbng, baken, spoorbaan, machinist;Zie ook: https://otl.prorail.nl/otl/vigerend/ATB-NG-Baken;;;;;;;;;;
ATM;;;"Een Asynchronous Transfer Mode (atm) is een schakeltechniek die het mogelijk maakt om snelle (""breedbandige"") telecomverbindingen te bouwen. ";;;;;Een atm verbinding (evt. in een netwerk) kan gebruikt worden om spraak, computerverkeer en videosig-nalen te vervoeren. atm is gestandaardiseerd voor verschillende snelheden (variërend van 2 Mbit/s tot 2.5 Gbit/s).;;;;;;;;;;
ATB;;;Automatische trein Beïnvloeding (atb) is een Nederlands beveiligingssysteem dat de snelheid, aangege-ven door seinen en in de cabine, van spoorvoertuigen bewaakt.;;beveiligingssysteem;;trein, beveiligingssysteem, cabine;"De maximaal toegestane snelheid wordt d.m.v. gecodeerde spoorstroomlopen doorgegeven.
Het gaat hier om atb Eerste Generatie: ATBEG";;;;;;;;;;
ATBNG;;;Automatische trein Beïnvloeding Nieuwe Generatie (atbng) is een Nederlands beveiligingssysteem dat de snelheid, aangegeven door seinen en in de cabine, van spoorvoertuigen bewaakt.;;beveiligingssysteem;;trein, beveiligingssysteem, cabine, machinist, materieel, vrije baan, atb;"De maximaal toegestane snelheid wordt in stappen van 10 km/h d.m.v. een code doorgegeven aan de treinapparatuur
atb grijpt niet in:
- als de machinist de remkraan bedient (atb houdt rekening met de remkarakteristiek van het materieel); 
- bij snelheden lager dan 15 km/h op emplacementen;
- bij snelheden lager dan 30 km/h op de vrije baan.";;;;;;;;;;
Autoriseren;;productontwikkeling;Autoriseren is het goedkeuren als eindoordeel van een product.;;;;;;;;;;;;;;;
Autoriseren;;algemeen;Autoriseren is het machtigen, volmacht geven bijvoorbeeld door iemand toestemming te geven een ap-plicatie te mogen gebruiken. ;;;;;;;;;;;;;;;
Autotransformator;;;Een autotransformator is een éénwikkelingstransformator in de 25 kV AT systeemvariant, ten behoeve van het omzetten van de 50 kV transportspanning naar de 25 kV tractiespanning.;;;;;;;;;;;;;;;
Autorisatieschema;;;Een autorisatieschema is de vastlegging van de bevoegdheden van een persoon en/of medewerker.;;;;medewerker;"Autorisatie volgens Van Dale: machtiging, verlening van een bevoegdheid.
Zie PRC00250.";;;;;;;;;;
Availability;beschikbaarheid;;Engelse term voor beschikbaarheid;;;;beschikbaarheid;;;;;;;;;;;
B-voorschrift;;;;;;;bedienvoorschrift;De naam B-voorschrift wordt niet meer gebruikt. Zie Generiek (Bedien) VoorSchrift (GVS). en bedien-voorschrift (BVS).;;;;;;;;;;
Baanlichaam;;;Een baanlichaam is de stabiele ondergrond voor bovenbouw van de railinfrastructuur.;;;;bovenbouw, railinfrastructuur, spoorweg;Het omvat: aardenbaan, paden, bermen en afsluitingen (hek of sloot) van de spoorweg.;;;;;;;;;;
Baanvak;;;Een baanvak is een opeenvolging van aaneengesloten dienstregelpunten en vrije banen, beginnend en eindigend in een dienstregelpunt.;;;;diensregelpunt, vrije baan, traject, baanvakbelasting, baanvaksnelheid, baanvakvoorschrift, baanbakwaarde, corridor;"De begrippen baanvak en traject worden in de praktijk doorgaans beide en soms ook door elkaar ge-bruikt.
Het simpelste baanvak bestaat uit twee opeenvolgende dienstregelpunten en hun tussenliggende vrije baan.
In de praktijk zal de samenstelling van een baanvak (dus zijn totale omvang) bepaald worden door -, of afhankelijk zijn van -, een technisch thema of een logistieke toepassing dat daarmee zijn geografische  scope krijgt.
Bijvoorbeeld het (voormalige)TPRB baanvak van Stavoren tot Leeuwarden, maar zie ook bij de begrippen baanvakbelasting, baanvaksnelheid, baanvakvoorschrift, baanvakwaarde en corridor.";;;;;;;;;;
Baanvakbelasting;;;Een baanvakbelasting is een belastingklasse per baanvak.;;belastingklasse;;belastingklasse, baanvak;De belasting (in tonnen uitgedrukt) van een baanvak, onderscheid in gepland, toegestaan en werkelijke belasting uitgedrukt in een belastingklasse (bijvoorbeeld D4, Faals).;;;;;;;;;;
Baanvaksnelheid;lijnsnelheid, tsi infrastructuur;;baanvaksnelheid is de hoogst toegelaten snelheid van een trein op een baanvak.;;;;trein, baanvak;;;;;;;;;;;
Baanvakvoorschrift;;;Een baanvakvoorschrift is een voorschrift voor één bepaald baanvak ten behoeve van het treinverkeer.;;;;baanvak, treinverkeer;Het voorschrift geeft informatie over de locatie en de hoedanigheid van infraobjecten zoals seinen, be-weegbare bruggen, waarchuwingsinstallaties (WUBO's en WITjes) en overwegen.;;;;;;;;;;
Baanvakwaarde;;;baanvakwaarde is een maat voor het totaal aantal treinen per dag op een baanvak. ;;;;baanvak;;1 betekent < 30 treinen per dag.;;;;;;;;;
Bak;;;Een bak is spoorjargon bij reizigersmaterieel voor wagen of rijtuig.;;;;wagen, rijtuig;;;;;;;;;;;
Baken;;;Een baken is een vaste geplaatste signaalgever die de afstand aangeeft tot het eerstkomende sein.;;;;sein, bord, balise;"In de spoorbranche wordt een combinatie van 3 bakens gebruikt. Aan de hand van de hoeveelheid stre-pen c.q. de lengte van het blad wordt de afstand tot het eerstvolgende sein bepaald. 
De signaalgever kan een bord zijn of een plank of reflectoren.

Inmiddels heeft “baken” een 2e betekenis gekregen. Zie balise.

Zie ook: https://otl.prorail.nl/otl/vigerend/Baken ";;;;;;;;;;
Balise;;;Een balise is een zender/ontvanger die wordt geplaatst tussen beide spoorstaven.;;;;trein, atbng, ertms;"Er wordt onderscheid gemaakt tussen:
•	Passieve balise. Hier worden van balise naar trein berichten overgebracht; 
•	Actieve balise. Hier worden tussen trein en balise berichten overgebracht.
Balises komen met name voor bij atb-NG en ertms.

Zie ook: https://otl.prorail.nl/otl/vigerend/Balise";;;;;;;;;;
Ballastbed;;;Het ballastbed is de laag bestaande uit steenslag, gebroken grind, grind of een combinatie van deze ma-terialen, waarin de dwarsliggers met spoorstaven liggen.;;;;baanlichaam;Het is een voorziening tussen de aardenbaan (van het baanlichaam) en de spoorconstructie, waarmee de spoorstaven en dwarsliggers van sporen of wissels worden gestabiliseerd;;;;;;;;;;
Ballastloze constructie;;;Een ballastloze constructie is een soort fundering voor spoorstaven of een spoorconstructie, anders dan een ballastbed.;;fundering;;fundering, ballastbed, tankinstallatie;"Een ballastloze constructie bestaat uit: een doorlopende plaat van beton, spoorstaven, bevestigingsmid-delen al dan niet gevat in een gietmassa.
Komt o.a. voor bij tankinstallatie, wasinstallaties, overwegen en kunstwerken";;;;;;;;;;
Ballastmat;;;Een ballastmat is een op de dwarsliggers gelegde mat t.b.v. opvangen van vloeistoffen uit een lekkend spoorvoertuig.;;;;spoorvoertuig, dwarsliggermat, pad;Dit begrip wordt wel eens verward met de begrippen dwarsliggermat c.q. undersleeper pad.;;;;;;;;;;
Basisdag;;;Een Basisdag is een verzameling plangegevens bestaande uit het samenhangende geheel van dienst-regeling/infraplan, materieelplan en personeelsplan, dat geldt voor precies één basisdagsoort. ;;;;dienstregeling, patroonbeweging;"Het dienstregeling/infraplan-deel van een basisdag is opgebouwd uit een sommatie van basisuren die voorzien zijn van een geldigheid op concrete uren op de onderhavige basisdagsoort, aangevuld met orders betreffende basisdagbewegingen, brugopeningen, buitendienstgestelde gebieden, Niet Cen-traal Bediende Gebieden en volume-inzet (opstelsporen).

Toelichting
Eén basisdag kan tegelijk voor meer weekdagen van toepassing verklaard zijn; bijvoorbeeld de basis-dag “diwodo” heeft een weekdaggeldigheid {NJJJNNN}, hetgeen betekent dat die basisdag het plan is voor zowel de dinsdag, woensdag als donderdag van de standaard week.

Zie bijlage 5.2: “Van patroonbeweging tot procesplan.”";;;;;;;;;;
Basisdagbeweging;;;Een basisdagbeweging is een patroonbeweging die toegepast is op één of meer basisdagsoorten. ;;patroonbeweging;;patroonbeweging, basisdagsoort;"Ten grondslag aan een basisdagbeweging ligt altijd een patroonbeweging. Verschillen hiermee kunnen worden aangegeven in de vorm van bewegingsactiviteitafwijkingen. Binnen een basisdagsoort is een basisdagbeweging uniek.

Zie bijlage 5.2: “Van patroonbeweging tot procesplan”";;;;;;;;;;
Basisdagenplan;;;Een basisdagenplan is een set van basisdagen, eventueel aangevuld met één of meer bijzondere basis-dagen, die gezamenlijk de 7 dagen van een kalenderweek omvatten. ;;;;geldigheid;"Een volledige kalenderweek loopt van maandag t/m zondag. Een basisdagenplan heeft een bepaalde geldigheid voor een vastgestelde periode, en vormt de basis voor alle Specifieke dagen binnen die pe-riode. 

Zie bijlage 5.2: “Van patroonbeweging tot procesplan”";;;;;;;;;;
Basisdagsoort;;;Een basisdagsoort is de typering van een aaneengesloten periode van 24 uur tussen twee daggrenzen, waarvan de concrete datum onbenoemd is, en waarvoor in de planfase basisdagen een planning kan worden gemaakt. ;;;;planproduct, vervoerder;Merk op dat een basisdagsoort geldt voor alle vervoerders, en dus niet wordt gebruikt om voor één specifieke vervoerder een bepaalde dagpatroonmatigheid van diens planproduct aan te geven. Een dergelijke dagpatroonmatigheid kan worden uitgedrukt door te praten over toegestane basisdagsoort-geldigheden voor bewegingen per specifieke vervoerder.;basisdagsoort maandag, basisdagsoort diwodo, basisdagsoort feestdag, etc. ;;;;;;;;;
Basisgegevens;;;basisgegevens zijn gegevens, die ondersteuning bieden bij het plannen en uitvoeren van een trein-dienst.;;;;treindienst, infra, materieel, vervoersproces, dienstregeling;"Zij bevatten:
•	De vastlegging van de betrokken productiemiddelen (infra, materieel en personeel);
•	De geldige waarden voor specifieke kenmerken;
•	De normtijden die horen bij een conflictvrije planning van treinen en rangeerbewegingen.

Toelichting
Meer algemeen zijn basisgegevens ondersteunende (meestal vaste) gegevens bij een bedrijfsproces.
Zo zijn ze er ook voor Assetmanagement en projectmanagement etc.
De basisgegevens van het vervoersproces van de Nederlandse Spoorwegen van de planning tot aan de uitvoering zijn te categoriseren naar:
•	basisgegevens infra (= incl. configuratiegegevens van Procesleiding);
•	basisgegevens dienstregeling;
•	basisgegevens materieel;
•	basisgegevens personeel.

Basisgegevens: 
•	Kennen een gemeenschappelijk gebruik door verschillende (geautomatiseerde) systemen en kennen daarom verscheidene gebruikersgroepen;
•	Beïnvloeden bedrijfsresultaten;
•	Kennen een eigenaar;
•	Behoeven centrale afstemming.
PS: Er was binnen ProRail ook een afdeling die zo heette. Die wordt hier NIET bedoeld. ";;;;;;;;;;
Basisuur;;;Een basisuur is een dienstregeling/infraplan opgebouwd uit basisuur-patroonbewegingen en brugope-ningen voor precies één basisuursoort, dat is getoetst op uitvoerbaarheid voor materieel en personeel.;;;;dienstregeling, basisuursoort, materieel, patroonbeweging;Zie bijlage 5.2: “Van patroonbeweging tot procesplan”.;;;;;;;;;;
Basisuur-patroonbeweging;;;Een basisuur-patroonbeweging is een patroonbeweging die geldt voor één of meer basisuursoorten en wordt vastgelegd in de planfase basisuren. ;;patroonbeweging;;patroonbeweging;Zie bijlage 5.2: “Van patroonbeweging tot procesplan”.;;;;;;;;;;
Basisuursoort;;;Een basisuursoort is de typering van een aaneengesloten periode van één uur waarvan het concrete uur onbenoemd is, en waarvoor in de planfase basisuren een planning kan worden gemaakt. ;;;;;;"Voorbeeld
•	Dal
•	Ochtendspits
•	Avondspits ";;;;;;;;;
Bedieningsmodel;;;Een bedieningsmodel is een weergave van het aanbod aan treindiensten in termen van treinsoorten, halteplaatsen, frequentie, gemiddelde reistijd, comfort, punctualiteit en aansluitingen.;;;;punctualiteit, aanbodmodel;Zie ook aanbodmodel;;;;;;;;;;
Bedienpost;;;Een bedienpost is een post van waar centraal seinen en wissels worden bediend.;;post;;post;Zie ook: https://otl.prorail.nl/otl/vigerend/Verkeersleidingspost;;;;;;;;;;
Bedienvoorschrift;;;Een bedienvoorschrift (BVS) is een verzameling specificaties betreffende beveiligings- en bedieningsin-stallaties/-systemen voor een afgebakend geografisch gebied.;;;;gebied, post;"Een bedieningsvoorschrift bevat o.a.:
Tekeningen per post:
•	werkplektekeningen; 
•	overzicht signaleringen;
•	deelsignaleringen;
•	beschikbaarheidsoverzicht onderposten;
•	Baanvak en emplacementen;
•	seinbeeldkaarten.
Per PPLG per post;
•	enkelvoudige rijwegen;
•	samengestelde rijwegen;
•	seinbediening;
•	Treinaankondiging;
•	fictieve eindseinnummers;
•	herroepen ingestelde Rijweg;
•	doorrijsporen;
•	sturing van buiten de Rijweg gelegen wissels;
•	linkerspoor-Beveiliging;
•	overige bedieningen;
•	Wisselverwarming;
•	meervensterposities;
•	werkzone (s);	


Voorschriften, die locatie-onafhankelijk zijn, staan in het Generiek (Bedien) VoorSchrift (GVS). 
De tot heden gebezigde benamingen zoals B-voorschrift en BVRS worden niet meer gebruikt.";;;;;;;;;;
Bedrijfszekerheid;;;bedrijfszekerheid is betrouwbaarheid en beschikbaarheid;;;;betrouwbaarheid, beschikbaarheid;;;;;;;;;;;
Beginstation;;;Een beginstation is het eerste als station aangemerkte dienstregelpunt in het pad van een trein.;Van Dale;station;;station, dienstregelpunt, pad, trein;"Van Dale:
1.	het beheren van, de zorg en verantwoording voor eigendommen van derden 
2.	[Belg., niet alg.] administratie, bestuur
Hier bedoeld: variant 1";;;;;;;;;;
Beheer;;;het beheren van, de zorg en verantwoording voor eigendommen van derden ;;;;;;;;;;;;;;;
Beheeracceptatietest;Functionele acceptatietest;;;;acceptatietest;;acceptatietest;;;;;;;;;;;
Beheerder;;;iem. die iets exploiteert, bv. een kantine, een camping ;Van Dale;;;;"Van Dale:
1.	iem. die iets exploiteert, bv. een kantine, een camping 
2.	iem. die eigendommen van derden beheert [Belg.] 
Hier bedoeld: variant 1";;;;;;;;;;
Beladingsklasse;belastingklasse;;;;;;;;;;;;;;;;;
Belastingbeperking;;;Een belastingbeperking is een lokale afwijking naar beneden van een, op zeker gedeelte van de macro topologie geldende belastingklasse.;;;;belastingklasse, macro topologie;De afwijking beperkt zich in de regel op een enkele locatie maar kan ook een langer gedeelte betreffen, waarbij het verschil tussen VAN-km en TOT-km ongelijk 0 is.;;;;;;;;;;
Belastingklasse;beladingsklasse;;Een belastingklasse is een groepering van voor het goederenvervoer geldende maximum aslast (in tonnen uitgedrukt) en maximum tonmetergewicht.;;;;aslast, tonmetergewicht;Op grond hiervan wordt een bijbehorende maximumsnelheid bepaald.;;;;;;;;;;
Beschikbaarheid;availability;;beschikbaarheid is de mate, uitgedrukt in een percentage, waarin een systeem of een infraobject in staat is om binnen een afgebakende periode zonder falen te werken.;;;;systeem. Infraobject;Engelse term is availability;;;;;;;;;;
Besloten personenvervoer;;;besloten personenvervoer is het vervoer van personen per trein, anders dan openbaar vervoer zoals bedoeld in de Wet personenvervoer.;;;;trein, openbaar vervoer, dienstregeling;Concreet betekent bovenstaande definitie: het vervoer van een gezelschap per trein, dat niet vermeld staat in het spoorboekje maar wel onderdeel is van de dienstregeling.;;;;;;;;;;
Besturing;;;;;;;systeem;;;;;;;;;;;
Besturing;;operationele infrabenutting;het uitvoeren van het verkeersplan en procesplan rijwegen met de daarvoor beschikbare plannings-, signalerings- en bedieningssystemen.;;;;treindienst, verkeersplan;"besturing is binnen de operationele infrabenutting van de treindienst: .. . Van Dale geeft alleen “besturen”:
1.	(Een voer- of vaartuig) de gewenste richting doen volgen 
2.	(Een werktuig) bedienen 
3.	(Zaken van algemeen of groepsbelang) leiden, aan het hoofd staan van 
Voor de operationele infrabenutting is de definitie 1 bedoeld, maar dan met tussenkomst van een plan en de genoemde hulpmiddelen.";;;;;;;;;;
Betrouwbaarheid;reliability;;betrouwbaarheid is de kans, uitgedrukt in een percentage, dat alle functies van een systeem overeen-komstig de specificaties werken.;;;;systeem;;;;;;;;;;;
Beveiligde overweg;;;Een actief beveiligde overweg is een overweg waarbij een aankondiging van een naderende trein aan het wegverkeer plaatsvindt.;;overweg;;overweg, trein;"Het gaat hier om de actief beveiligde overweg.
Passief beveiligde overwegen hebben alleen schrikhekken en andreaskruizen.

Zie ook: https://otl.prorail.nl/otl/vigerend/Actief-Beveiligde-Overweg";;;;;;;;;;
Beveiligen;;;beveiligen is het veilig maken, onttrekken aan geweld, bedreiging, gevaar of schade.;;;;veilig;;;;;;;;;;;
Beveiliging;;;beveiliging is een functie waarmee een onveilige gebeurtenis of situatie voorkomen of gedetecteerd wordt en waarmee de objecten die ten gevolge van deze gebeurtenis schade (kunnen) ondervinden of te hoge aanrakingsspanningen (kunnen) veroorzaken uitgeschakeld of buiten gebruik genomen worden.;;;;buiten gebruik;;;;;;;;;;;
Bevestigingsconstructie;;;Een bevestigingsconstructie is een constructie waarmee de spoorstaaf aan de dwarsligger is bevestigd.;;;;spoorstaaf, dwarsligger;;Nefit, veerconstructie;;;;;;;;;
Beveiligingssysteem;;;"Een beveiligingssysteem voorkomt een onveilige gebeurtenis of situatie; het bestaat uit technische appa-ratuur en middelen (incl. procedures, voorschriften, e.d.), waarmee personen of objecten die ten gevolge van deze gebeurtenis schade (kunnen) ondervinden of veroorzaken worden beschermd.";;;;treindetectie, interlocking;Deelsystemen van een beveiligingssysteem zijn o.a. treindetectie, Treinbeïnvloeding en interlocking.;;;;;;;;;;
Bevloering;;;Een bevloering is een constructie bij een overweg of dienstoverpad ter weerszijden van de rails, om de oneffenheden aldaar te compenseren ten behoeve van kruisend verkeer.;;;;overweg, dienstoverpad, verkeer;Zie ook: https://otl.prorail.nl/otl/vigerend/Bevloering ;;;;;;;;;;
Bevoegdheidsbewijs;;;"Een bevoegdheidsbewijs is een document waaruit het recht blijkt tot het uitoefenen van daarin genoemde veiligheidsfuncties; dit document geldt ook als toegangsbewijs tot niet voor publiek toegankelijke delen van spoorwegterreinen.";;;;toegangsbewijs;;;;;;;;;;;
Beweging;;;Een beweging is de verplaatsing van één of meer (gekoppelde) materieeleenheden over de railinfra-structuur.;;;trein, rangeerbeweging;railinfrastructuur, trein, rangeerbeweging;"Er zijn twee soorten bewegingen:
* trein;
* rangeerbeweging.

Toelichting
Van Dale:
1.	Het bewegen, zich verplaatsen 
2.	Groep die naar iets streeft, zich ergens voor inzet 
3.	Drukte, vertier
Definitie in lijn met 1, maar met voorkeur voor 3.

Binnen de keten van het vervoersproces heeft een beweging verschillende opeenvolgende voorkomens of statussen:
•	In eerste instantie een administratief bestaan, nog ontkoppeld van het fysieke materieel dat erbij betrokken is: dus alleen de modelmatige afbeelding van de verplaatsing over de railinfrastruc-tuur en de materieeleenheden slechts o.b.v. een soortaanduiding;
•	Daarna een administratief bestaan, maar vanuit een materieelplan gekoppeld aan materieel;
•	Tenslotte (tijdens de uitvoering) de fysieke beweging buiten op de infra, onder regie van het in-fraplan en het materieelplan, met concrete spoorvoertuig(en).";;;;;;;;;;
Bewegingmaterieelrelatie;;;Een bewegingmaterieelrelatie is een soort knooppuntrelatie tussen twee bewegingsactiviteiten en geeft aan dat deze activiteiten onderling materieel delen. ;;;combineren, splitsen, overgaan;knooppuntrelatie, materieel, bewegingsactiviteit, combineren, splitsen, daggrens, materieeldienstovergang, overgaan;"Er zijn 3 soorten bewegingmaterieelrelaties: 
* overgaan: al het materieel van één aanvoerende bewegingsactiviteit wordt in één afvoerende bewegingsactiviteit ingezet;
* combineren: het materieel uit meer dan één aanvoerende bewegingsactiviteiten wordt in één af-voerende bewegingsactiviteit ingezet;
* splitsen: het materieel uit één aanvoerende bewegingsactiviteit wordt in meer dan één bewe-gingsactiviteiten ingezet.";"Bij aankomst gaat 12-JAN-1998 512 over in vertrek van 12-JAN-1998 517

M.b.v. de bewegingmaterieelrelatie worden de “gerelateerde” rijwegen bepaald.
De materieelrelatie van het soort overgaan wordt ook wel materieelovergang genoemd. Let op het ver-schil met een materieeldienstovergang: daarbij is de overgang van materieel over de daggrens (d.w.z. op twee verschillende patroon/verkeers –dagen) vastgelegd.";;;;;;;;;
Bewegingsactiviteit;;;Een bewegingsactiviteit is een geplande gebeurtenis binnen een beweging, die bijdraagt aan het punts-gewijs beschrijven van het volgordelijke verloop van een beweging. Van zo’n gebeurtenis wordt tenmin-ste het spoor, de plantijd en de activiteit soort vastgelegd. ;;;;beweging, spoor, plantijd, activiteitsoort;;"Voorbeelden van bewegingsactiviteiten: 
* Vertrek in Asd spoor 5b om 7:23, 
* Aankomst in Asa spoor 4 om 7:30, 
* Vertrek in Asa spoor 4 om 7:31, 
* Aankomst in Ut spoor 4 om 7:50, …. etc. van beweging (trein) 3023";;;;;;;;;
Bewijs van toegang tot de cabine;;;Een bewijs van toegang tot de cabine is een document waaruit de bevoegdheid blijkt voor een ander dan de machinist om in een cabine van een rijdend krachtvoertuig aanwezig te zijn.;;;;machinist, cabine, krachtvoertuig;;;;;;;;;;;
Bijsturing;;operationele infrabenutting;het aanpassen van het actueel verdelingsplan op basis van een bijzonder voorval binnen het treinverkeer. Daarna heet het weer bestu-ren.;;;;treindienst, bijzonder voorval, treinverkeer, actueel verdelingsplan;;;;;;;;;;;
Bijplaatsen;;;bijplaatsen is het koppelen van leeg materieel aan het materieel van een bestaande trein in overeen-stemming met het materieelplan.;;;;koppelen, materieel, trein, materieelplan;;;;;;;;;;;
Bijzonder voertuig;;;Een bijzonder voertuig is een voertuig dat met een eigen aandrijving op het spoor kan rijden, niet zijnde een locomotief of treinstel.;;;;voertuig, spoor, locomotief, treinstel;;;;;;;;;;;
Bijzonder voorval;;;Een bijzonder voorval is een ongewenste gebeurtenis waarbij sprake is van verstorende effecten op het railverkeersysteem en/of op diensten van deelnemers aan het railverkeersysteem, zodanig dat continue-ring in gevaar komt of al belemmerd is.;;;incident, onregelmatigheid, calamiteit;treinverkeer, veiligheid;"Er zijn drie soorten bijzondere voorvallen.
•	Incidenten;
•	Onregelmatigheden;
•	Calamiteiten.
De drie soorten bijzondere voorvallen zijn onderling disjunct en het verschil wordt bepaald door de ma-te van impact op het treinverkeer en de veiligheid.
Zie voor een visuele weergave onderstaande figuur:
 TODO: Figuur invoegen";;;;;;;;;;
Binnenspoor;;;Een binnenspoor is het binnengelegen spoor van een drie- of meersporig baanvak.;;spoor;;spoor, baanvak;;TODO: figuur invoegen;;;;;;;;;
Blok;;;Een blok is de ruimte tussen 2 seinen of SMB’s (Stopmarkerboard, ertms) in de rijrichting waarbinnen zich slechts één beweging mag bevinden.;;;;ertms, beweging, baanvaksnelheid, materieel;"De bepaling van de lengte van het blok volgt uit de baanvaksnelheid en de rijeigenschappen van het minst presterende materieel inclusief een veiligheidsmarge.

Zie ook: https://otl.prorail.nl/otl/vigerend/Blok-Sectie";;;;;;;;;;
Boordproces;;;Het boordproces is het proces dat het rijden en begeleiden van treinen en rangeerdelen omvat, evenals het uitvoeren van schoonmaakwerkzaamheden aan of op materieel, het verzorgen van reizigers en la-ding aan boord, het opheffen van storingen aan materieel en het inspecteren van spoorvoertuigen en hun lading.;;;;materieel, inspecteren;;;;;;;;;;;
Bord;;;Een bord is een sein met een vaste boodschap, verwoordt in tekst, pictogram of code.;Regeling Spoorverkeer: https://wetten.overheid.nl/BWBR0017707/2023-01-01;sein;;sein;"De betekenis is opgenomen in de Regeling Spoorverkeer.

Zie ook: https://otl.prorail.nl/otl/vigerend/Bord";;;;;;;;;;
Botsing;;;Een botsing is het tegen elkaar stoten, bijvoorbeeld van voertuigen.;Van Dale;;;stoten;;;;;;;;;;;
Botsingsformulier;;;"Een botsingsformulier (BO) is een document waarin een bijzonder voorval wordt vastgelegd waarbij sprake is van een aanrijding op een overweg tussen wegverkeer en:
- treinverkeer; of
- de overweginstallatie; of
- de bovenleiding.";;;;bijzonder voorval, overweg, treinverkeer, bovenleiding;;;;;;;;;;;
Bovenbouw;bovenbouwconstructie;;bovenbouw is de constructie die het dragen en geleiden van spoorvoertuigen verzorgd en gelegen is op de onderbouw.;;;ballastloze constructie, ballastconstructie;onderbouw, ballastloze constructie, ballastconstructie;"Er bestaan 2 bovenbouwconstructies, te weten:
1.	De ballastconstructie; deze bestaat uit ballast, dwarsliggers, spoorstaven en wissels en ook het bijbehorende bevestigingsmateriaal;
2.	ballastloze constructie.";;;;;;;;;;
Bovenbouwconstructie;bovenbouw;;;;;;;;;;;;;;;;;
Bovenleiding;;;Een bovenleiding is het geheel van draagconstructies, leidingen en toebehoren dienende tot energie-voorziening voor de elektrische tractie, anders dan gebouwen.;;;;energievoorziening, tractie, bovenleidingschakelaar, draagkabel, elektrische verbinding, hangdraad, leidingsonderbreker, rijdraad, stroomrail, versterkingsleiding, zijwaartse bevestiging, draagconstructie;"De constructie dient in nauwe afstemming te zijn met het rollend materieel.
De volgende onderdelen worden onderscheiden:
•	Afspaninrichting
•	Beweegbare bovenleidingarm voor zover deze normaal onder spanning staat;
•	bovenleidingschakelaar
•	draagkabel;
•	elektrische verbinding;
•	Equipotentiaalleiding;
•	hangdraad;
•	Isolatoren;
•	leidingonderbreker;
•	Negatieve feeder;
•	Richtdraden;
•	rijdraad;
•	stroomrail;
•	versterkingsleiding;
•	zijwaartse bevestiging.";;;;;;;;;;
Bovenleidinggroep;;;Een bovenleidinggroep is het kleinste deel van de bovenleiding waarvan de spanning kan worden in- of uitgeschakeld.;;;;bovenleiding;;;;;;;;;;;
Bovenleidingpaal;;;Een bovenleidingpaal is een verticaal opstaand profiel van staal of beton dat als constructie-element wordt gebruikt om het bovenleidingsysteem aan op te hangen.;;;;bovenleiding;Zie ook: https://otl.prorail.nl/otl/vigerend/Bovenleidingpaal;TODO: figuur invoegen;;;;;;;;;
Bovenleidingschakelaar;;;Een bovenleidingschakelaar is een schakelaar geschikt voor montage op of aan de draagconstructie en bedoeld voor het koppelen dan wel scheiden van voedingskabels aan bovenleidinggroepen en van bo-venleidinggroepen onderling.;;;;schakelaar, draagconstructie, koppelen, scheider, bovenleiding;De bovenleidingschakelaar komt in de volgende uitvoeringsvormen voor: lastscheider, scheider, ver-mogensschakelaar.;;;;;;;;;;
Bovenleidingportaal;;;Een bovenleidingportaal is een dragend constructie-element van een bovenleidingsysteem. Een boven-leidingportaal bestaat doorgaans uit twee of meer verticale delen met daar overheen een horizontale ligger gemonteerd (de balk). ;;;;bovenleidingsysteem, bovenleiding, traject;"De bovenleiding wordt aan het portaal opgehangen. De rechthoekige vorm zoals hiernaast weergege-ven is geen vereiste, zo zijn de bovenleidingportalen op het traject Utrecht-Hilversum uitgevoerd in de vorm van betonnen bogen. Verder kan de balk afhankelijk van de lokale situatie op verschillende manie-ren uitgevoerd worden, bijvoorbeeld als vakwerkligger, I-balk, vierkante koker, enz.

Zie ook: https://otl.prorail.nl/otl/vigerend/Bovenleidingportaal";TODO: figuur invoegen;;;;;;;;;
Bovenleidingsysteem;;;Een bovenleidingsysteem is de constructie voor het overbrengen van elektrisch vermogen van één of verschillende voedingspunten langs de spoorbaan naar de stroomafnemer van een trein.;;;;spoorbaan, stroomafnemer, trein, systeem, bovenleiding, draagconstructie;"Dit systeem bevat de volgende onderdelen:
• bovenleiding:	alle draden en leidingen opgehangen boven het spoor inclusief de beweegbare			 bovenleidingarm;
• draagconstructie:	de funderingen, constructies en overige onderdelen die bedoeld zijn om de draden en		 leidingen te ondersteunen, op hun plaats te houden, af te spannen of te isoleren (exclusief		 de beweegbare bovenleidingarm;
• overig: 		op de draagconstructie bevestigde apparatuur bedoeld voor de functies schakelen, 		detecteren en beschermen.";;;;;;;;;;
Brugopening;;;Een brugopening is een infraonttrekking met als doel 'doorlaten van schepen'. Hier geldt het machinis-ten- perspectief: de brugopening omvat ook de tijd die nodig is voor het openen en sluiten van de brug.;;infraontrekking;;infraontrekking;;;;;;;;;;;
Brugovergang;;;Een brugovergang is een ruimte tussen landhoofd en stalen brug (inclusief de spoorstaven ter plekke), waarmee de invloeden van temperatuurschommelingen worden opgeheven.;;;;spoorstaaf;Zie ook: https://otl.prorail.nl/otl/vigerend/Brugovergang;;;;;;;;;;
Brugwachter;;;Een brugwachter is degene, die in het walproces verantwoordelijk is voor de bediening van beweegbare spoorbruggen.;;;;walproces, spoorbrug;;;;;;;;;;;
Buiten profiel vervoer;;;buiten profiel vervoer is een beweging waarbij een spoorvoertuig zich, inclusief zijn lading, buiten het rode meetgebied bevindt.;;beweging;;beweging, spoorvoertuig, rode meetgebied, buitengewoon vervoer, aanwijzing;Buiten Profiel valt onder de Standaardvoorwaarden BP (buitengewoon vervoer). Vervoer mag alleen plaatsvinden over aangewezen sporen. In uitzonderingsgevallen met aanwijzing.;;;;;;;;;;
Buiten Termijn Aanvraag;;;Een buiten termijn aanvraag (BUTA) is een order buitendienststelling in verband met geplande werk-zaamheden, die niet binnen de gestelde aanvraagtermijn is ingediend.;;;;order;;;;;;;;;;;
Buiten dienst;(spoor) buiten dienst;;Een buiten dienst gesteld gebied (spoor) is een infra-onttrekking bedoeld voor het uitvoeren van werk-zaamheden.   ;;infraontrekking;;gebied, spoor, infra, infraontrekking, treindienstleider, werkplek, ;"Wanneer er werkzaamheden aan of bij het spoor moeten worden verricht, wordt een spoor buiten dienst gesteld. De sporen zijn buiten dienst als de treindienstleider en de functionaris die verantwoordelijk is voor de veiligheid buiten hun veiligheidsmaatregelen hebben genomen. Gedurende de periode dat de werkzaamheden plaatsvinden, is deze functionaris verantwoordelijk voor de veiligheid van de werkplek.  

De treindienstleider blijft altijd eindverantwoordelijk. 

Na het treffen van alle noodzakelijke veiligheidsmaatregelen is een veilige werkplek gecreëerd. 

Het buiten dienst stellen van een spoor heeft altijd een tijdelijk karakter en zal daarom nooit op basis van een BVS-wijziging plaatsvinden.

";;;;;;;;;;
Buiten exploitatie;(spoor) buiten exploitatie;;Sporen buiten exploitatie zijn sporen die onttrokken zijn voor exploitatief treinverkeer.  ;;;;treinverkeer, treindienstleider, sein, wissel, sectie;Sporen buiten exploitatie zijn sporen die onttrokken zijn voor exploitatief treinverkeer.  ;;;;;;;;;;
Buiten gebruik;(spoor) buiten gebruik;;;;;;buiten dienst, buiten exploitatie, veilig, wbi, weco;"Dit begrip leek eerst helemaal niet meer binnen ProRail gebruikt te worden, maar daar blijkt toch wat nu-ancering op te zijn.
Samen met de begrippen buiten dienst en buiten exploitatie vormt het de kapstok voor veilig werken bui-ten en alle daarbij horende (wettelijke) regels en procedures als het gaat om de verantwoordelijkheid voor de veiligheid.
buiten gebruik geeft daarmee status aan de situatie dat de verantwoordelijkheid voor de veiligheid over-gedragen is aan de veiligheidsverantwoordelijke buiten, maar deze heeft zijn/haar veiligheidsmaatrege-len nog niet genomen.

buiten gebruik is momenteel (2021-04) geen officiële term uit de regelgeving m.b.t. een veiligheidsschil of verantwoordelijkheid.

Om over deze begrippen meer duidelijkheid in te geven wordt gedacht om met veiligheidsklassen (VK) te gaan werken: 
 	TRDL-maatregelen 	Buiten maatrege-len 	Document 	Status 
VK1 				In dienst 
VK2 	X			buiten gebruik VK3 	X	X	WOT	buiten dienst VK4 	X	X	wbi / weco
buiten dienst  
Het verloop in de tijd:  TODO: figuur invoegen";;;;;;;;;;
Buitengewoon vervoer;;;buitengewoon vervoer is vervoer waarbij afmetingen, gewicht of aard van de lading of het materieeltype bijzondere technische of exploitatieve maatregelen vergen. Voor buitengewoon vervoer is een buitenge-woon vervoer regeling vereist.;;;;materieeltype;"Naast de algemene kwalificatie “buitengewoon vervoer (BV)” zijn de belangrijkste subcategorieën:
-	BP = Buiten profiel vervoer; 
-	ZWV = zwaar vervoer.
-	Maatwerk";;;;;;;;;;
Buitengewoon Vervoer Regeling;;;Een buitengewoon vervoer Regeling is een regeling voor een trein waarin zich wagons en/of voertuigen bevinden die door hun constructie of lading bijzondere voorwaarden vereisen.;;;;trein;Concretisering vindt plaats via één of meer aanwijzingen;;;;;;;;;;
Buitenspoor;;;Een buitenspoor is een buitengelegen spoor van een drie- of meersporig baanvak.;;spoor;;;;TODO: figuur invoegen;;;;;;;;;
Cabine;;;Een cabine is de plaats van waaruit een krachtvoertuig bediend wordt.;;;;krachtvoertuig;;;;;;;;;;;
Cabinekaart;;;Een cabinekaart is een document waaruit de bevoegdheid blijkt voor een ander dan de machinist om in een cabine van een (rijdend) krachtvoertuig aanwezig te zijn.;;;;machinist, cabine, krachtvoertuig;;;;;;;;;;;
Calamiteit;;;"Een calamiteit is een bijzonder voorval met de volgende impact op het treinverkeer en de veiligheid:
•	Een verwacht tijdsbestek van de effecten op de treindienst groter of gelijk aan 30 minuten en een vertraging groter of gelijk aan 5 minuten; 
en/of
•	Opheffing (van een gedeelte) van een treinserie waarvoor geen order normale treindienst is ingediend; 
en/of
•	Geen treinverkeer mogelijk;
en/of
•	Dreigend of al opgetreden direct letsel aan mens en dier of schade aan milieu of goederen (door brand/bommelding of bomvinding, aanrijding/botsing, gevaarlijke en milieubelas-tende stoffen).";;bijzonder voorval;;bijzonder voorval, treinverkeer, treindienst, vertraging, treinserie, order, letsel, milieu, botsing;(Zie ook de beslisboom bij de definitie van bijzonder voorval.);;;;;;;;;;
Calamiteitenaarding;;;Calamiteitenaarding is een apparaat om aarding van een bovenleidinggroep tot stand te brengen.;;;;;;;;;;;;;;;
Calamiteitenorganisatie;;;De calamiteitenorganisatie is een uitvoeringsorganisatie die in actie komt als er sprake is van een cala-miteit of een concrete dreiging dat zich binnen korte tijd een calamiteit zal voordoen. De calamiteitenor-ganisatie omvat alle deelnemers uit de spoorbranche.;;;;calamiteit;;;;;;;;;;;
Calamiteitenplan Rail;;;Een calamiteitenplan rail zijn de afspraken die in de spoorbranche zijn gemaakt voor de afhandeling van calamiteiten. De regeling omschrijft de afstemming tussen alle betrokken bedrijven en instanties, inclu-sief scenario’s, normen, etc.;;;;calamiteit;;;;;;;;;;;
Capaciteit;;;capaciteit is het vermogen, de kracht om een bepaalde prestatie te leveren.;Van Dale;;infracapaciteit, personeelcapaciteit;infracapaciteit;Dit komt voor als infracapaciteit, personeelcapaciteit etc.;;;;;;;;;;
Capaciteitsovereenkomst;;;capaciteitsovereenkomst is een toegangsovereenkomst waarin alleen de capaciteit, waarop de gerech-tigde aanspraak kan maken, is vastgelegd zonder recht op toegang en gebruik van de spoorweginfra-structuur.;;toegangsovereenkomst;;toegangsovereenkomst, capaciteit, gerechtigde, spoorweginfrastructuur;"Een capaciteitsovereenkomst kan worden gesloten met een partij die volgens de wet gerechtigd is tot het sluiten van een toegangsovereenkomst (bijvoorbeeld een provincie die vervoerconcessies verleent, of een verlader), maar die niet beschikt over een bedrijfsvergunning.
Voorbeeld: Provincie Gelderland is de gerechtigde en Syntus heeft toegang tot en mag gebruik maken van de spoorweginfrastructuur.";;;;;;;;;;
Centraal bediend gebied;;;Een centraal bediend gebied is een gebied op het spoorwegnet, waarbinnen de samenhang van rij-weginstelling en spoorbezetting vanuit één systeem wordt bewaakt en waar de bediening van individuele infraobjecten en de rijweginstelling plaatsvindt vanuit één centraal punt.;;gebied;;gebied, spoorwegnet, rijweginstelling, spoorbezetting, systeem, infraobject;;;;;;;;;;;
Cijferbak;;;Een cijferbak is een lichtbak aan of bij een lichtsein waarin de toegestane snelheid van een spoorvoer-tuig met cijfers zoals bijvoorbeeld 4, 6, 8 of 13 kan worden getoond. ;;;;lichtsein, spoorvoertuig;Het cijfer vermenigvuldigd met 10 geeft de bedoelde toegestane snelheid in km/u.;;;;;;;;;;
Combineren;;;combineren is het koppelen van materieel van twee reizigerstreinen die al deel uitmaakten van de trein-dienst ten behoeve van één doorgaande trein.;;;;koppelen, materieel, treindienst, trein, splitsen;In de reizigersdienst bevatten de aanvoerende treinen al reizigers. Zie ook splitsen;;;;;;;;;;
Commissie voor de M.E.R.;;;De commissie voor de Milieueffectrapportages. Dit is een onafhankelijke commissie die het bevoegd ge-zag adviseert over de richtlijnen voor de inhoud en de beoordeling van de kwaliteit van de M.E.R.;;;;;;;;;;;;;;;
Communicerend treindienstleider;;;Een communicerend treindienstleider is een treindienstleider, die bij werkzaamheden die twee of meer treindienstleiders- en/of opzichtersgebieden aangaan, de contactpersoon is tussen de LWB en de be-trokken treindienstleiders en/of opzichters. ;;treindienstleider;;treindienstleider;;;;;;;;;;;
Compensatieinrichting;;;Een compensatieinrichting is een technische constructie ter compensatie van uitzetting en inkrimping van de spoorstaven als gevolg van temperatuurwisselingen over grotere lengte met oplegging op min-stens 7 dwarsliggers en bestaande uit twee of meer compensatielassen.;;;;spoorstaaf, dwarsligger, compensatielas;Zie ook: https://otl.prorail.nl/otl/vigerend/Compensatieinrichting;;;;;;;;;;
Compensatielas;dilaterende inrichting;;Een compensatielas is een ruimte tussen twee aansluitende spoorstaven ter compensatie van uitzetting als gevolg van temperatuurstijging, met oplegging op 3 of 5 dwarsliggers.;;;;spoorstaaf, dwarsligger;;;;;;;;;;;
Container Uitwissel Punt;;;container uitwissel punt (CUP) is een locatie aan de spoorbaan waar containers van het spoor worden overgezet op een vrachtauto of schip.;;;;spoorbaan, spoor;;;;;;;;;;;
Conventioneel goederenvervoer;;;conventioneel goederenvervoer is goederenvervoer per trein in een pad met karakteristieken, die verge-lijkbaar zijn met de inzet van een goederentrein met een bruto treingewicht van 1600 ton, een kruissnel-heid van 85 km/h en een toegelaten maximumsnelheid van ten minste 100 km/h.;;;;trein, pad, treingewicht, goederentrein, locomotief, netverklaring;"Dit begrip wordt gebruikt in de capaciteitstoedelingsregels. 
Bij de uitwerking van het model is uitgegaan van één 6-assige locomotief van het type Class 66.
Deze toevoeging is in de netverklaring opgenomen.";;;;;;;;;;
Correctief onderhoud;;;correctief onderhoud zijn activiteiten om storingen op te heffen.;;;;storing;;;;;;;;;;;
Corridor;;;Vanuit de logistieke keten gezien een belangrijke gebiedsafbakening met verbindingen, waar (goe-deren)vervoer plaatsvindt, tussen belangrijke vervoersknooppunten. De verbindingen beogen zo goed mogelijk aan te sluiten bij de doorgaande vervoersstromen van reizigers en goederen.;;;;trajectdeel;"Zie ook trajectdeel voor meer informatie.
Zie ook: https://otl.prorail.nl/otl/vigerend/Compensatieinrichting";;;;;;;;;;
Cross platform overstap;;;Cross platform is de overstap op een andere trein, die op het tegenover gelegen spoor op hetzelfde ei-landperron halteert.;;;;trein, spoor, eilandperron;;;;;;;;;;;
CTA;;;Een Centrale trein Aanwijzer is een elektrisch bediende aanwijzer op het perron, die aangeeft hoe laat en waarheen de eerstvolgende trein vertrekt vanaf het betreffende perron.;;;;trein, perron;;;;;;;;;;;
Daggrens;;;De daggrens is het tijdstip op een onbepaalde datum dat bepaalt op welk moment vanuit de planning be-zien een dag eindigt en de volgende dag begint. Dit tijdstip kan afwijken van de kalenderdaggrens, maar dat hoeft natuurlijk niet.;;;;;;;;;;;;;;;
dB(A);;;Decibel (symbool: dB), is een eenheid van geluidssterkte.;;;;eenheid;De toevoeging (A) identificeert de meetmethode. In dit geval wordt het gemeten geluidsniveau 'gewogen' door het signaal door een elektrisch (A) filter te voeren.  A staat voor Absoluut. Dit is het 0 niveau wat overeenkomt met het geluid dat een mens met een goed ge-hoor nog net kan horen.;;;;;;;;;;
Deelaspect;;;Een deelaspect is een deelproces, dat bij de afhandeling van een calamiteit moet worden uitgevoerd.;;;;calamiteit, infrastructuur;"De afhandeling van calamiteiten kent een aantal aspecten, die afzonderlijk afgehandeld moeten worden. Deze calamiteitactiviteiten zijn toegewezen aan één of meer instanties die daarvoor een leider aanstellen.
De volgende calamiteitactiviteiten worden onderscheiden:
•	Algemene leiding en coördinatie
•	Alarmering
•	Redding en bestrijding
•	Opvang
•	Herstel verkeersfunctie
•	Herstel vervoersfunctie
•	Alternatief vervoer
•	Vrijbaan maken
•	Herstel infrastructuur
•	Communicatie
";;;;;;;;;;
Deelproject;;;Een deelproject is een onderdeel van een project dat als zelfstandig project georganiseerd wordt, en leidt tot een concreet deel- of tussenresultaat. Het heeft dus een eigen projectplan, een eigen project-team, een eigen projectleider.;;;;project;;;;;;;;;;;
Diensteenheid;;;Een diensteenheid is een logische materieeleenheid uit een dienstgroep, waar aan het moment van uit-voering van het plan een fysieke materieeleenheid wordt gekoppeld.;;;;materieeleenheid, dienstgroep, materieeltype, materieel, materieelplan;"Een dienstgroep bevat maximaal zoveel diensteenheden als er van het betreffende materieeltype be-schikbaar zijn binnen de dienstgroep. Een uitzondering hierop vormen de stammengroepen; een stam wordt beschouwd als één diensteenheid die correspondeert met alle logische materieeleenheden die er-in zitten. Aan een diensteenheid worden materieel-activiteiten gekoppeld die door deze diensteenheid moeten worden uitgevoerd.

In de planningsfase worden niet de individuele materieeleenheden zelf gepland, maar het vermoedelijk beschikbare aantal eenheden van een bepaald materieeltype. Het materieelplan is hierdoor in grote mate onafhankelijk van de ten tijde van uitvoering feitelijke inzet van materieeleenheden. Dit maakt flexibel in-zetten van materieeleenheden op de dag van uitvoering mogelijk.";;;;;;;;;;
Dienstgroep;;;Een dienstgroep is een logische materieel planeenheid die bestaat uit een aantal (vermoedelijk) be-schikbare eenheden van één materieeltype. Een uitzondering hierop vormen de stammendienstgroepen, deze kunnen verschillende materieeltypen bevatten.;;;;materieel, materieeltype, eenheid, dienstgroep;"Een dienstgroep bevat dus eenheden van één materieeltype, een uitzondering hierop vormen de stam-mendienstgroepen, deze kunnen verschillende materieeltypen bevatten. 
Een stammendienstgroep bestaat uit een aantal materieeltypen die als één logische eenheid worden be-schouwd. Met een positie-in-stam wordt per materieeltype die deel uitmaakt van de stammendienstgroep, de positie binnen de stammendienstgroep vastgelegd. Voor een stammendienstgroep wordt bij het ma-terieeltype dat het meest in de stammendienstgroep is vertegenwoordigd het aantal (dat op feitelijk op verschillende materieeltypen is gebaseerd) vastgelegd.
Materieeltypen kunnen bij verschillende dienstgroepen voorkomen.";"dienstgroep			materieeltype	Aantal
A				E-LOC	1600	13
B				E-LOC	1600	5
AD				IRM	4	40
AE				MAT '64	4	19
OH				ICM	3	91
OC				ICM	4	47
NSC				ICR	B10	12

Stammendienstgroep	Positie in stam	materieeltype
NSC				1	ICR B10
NSC				2	ICR B10
NSC				3	ICR B10
NSC				4	ICR BKD
NSC				5	ICR BKD
NSC				6	ICR B10
NSC				7	ICR A10
NSC				8	ICR A10";;;;;;;;;
Dienstovergang;materieeldienstovergang;;;;;;;;;;;;;;;;;
Dienstoverpad;;;Een dienstoverpad is een gelijkvloerse kruising van een spoorweg met een weg of pad, alleen bestemd voor dienstgebruik door bevoegd personeel.;;gelijkvloerse kruising;;gelijkvloerse kruising, spoorweg, pad;Zie ook: https://otl.prorail.nl/otl/vigerend/Dienstoverpad;;;;;;;;;;
Dienstregeling;;;Een dienstregeling is een overzicht van het geplande railvervoersproduct van alle vervoerders in termen van vertrek-, doorkomst- en aankomsttijden van treinen op dienstregelpunten. Een dienstregeling heeft altijd een bepaalde geldigheid.;;;;geldigheid, product, infra;"Het blijkt dat de term dienstregeling voor van alles en nog wat wordt gebruikt: soms voor de product ge-relateerde activiteiten, soms voor het totaal incl. proces gerelateerde activiteiten. Een dienstrege-ling/Infraplan geeft op het gebruik van het productiemiddel ""infra"" invulling aan een dienstregeling.";;;;;;;;;;
Dienstregeling/infraplan;;;dienstregeling/infraplan is het geheel van infrainzet gerelateerd aan infra-aanvragers c.q. infra-gebruikers voor een bepaalde periode.;;;;infrainzet, infra, dienstregeling, rangeren, railinfrastructuur, infracapaciteit, infracapaciteitseenheid, basisuur, basisuursoort, basisdag, basisdagsoort, beweging, basisdagenplan, specifiekedagplan, geldigheid, verkeersplan, patroonbeweging;"dienstregeling/infraplan geeft naast de invulling van een dienstregeling op de topologie van de railin-frastructuur ook het gebruik van de infradelen ten behoeve van rangeren en onderhoud aan, in specifie-ke aanduidingen van plaats en tijd, waarmee de benutting van de infracapaciteit (op het niveau van het ijzer) inzichtelijk wordt. Zie ook “infracapaciteitseenheid”.

dienstregeling/infraplan komt bij het doorlopen van diverse planfasen in verschillende verschijnings-vormen voor (als onderdeel van):
•	basisuur: de patroonbewegingen binnen een basisuursoort;
•	basisdag: sommatie van basisuren over een basisdagsoort + aanvullingen uit orders en infrain-zet anders dan beweging;
•	basisdagenplan: sommatie van basisdagen over een week; 
•	specifiekedagplan: aanscherping van de geldigheid van een basisdag naar een specifieke da-tum + aanvullingen uit orders en infrainzet anders dan beweging met een geldigheid op datum;
•	Verdelingsplan (jaardienst): integratie van de basisdagenplannen van alle infragebruikers met daarin de expliciete verdeling (toewijzing) door de capaciteitsmanager;
•	Verdelingsplan (ad hoc fase): integratie van de specifiekedagenplannen van alle infragebrui-kers met daarin de expliciete verdeling (toewijzing) door de capaciteitsmanager;
•	verkeersplan: zoals de operationele infrabenutting o.b.v. het verdelingsplan wordt uitgevoerd in de netwerksturing;
•	Procesplan: zoals de operationele infrabenutting o.b.v. het verdelingsplan wordt uitgevoerd in de knooppuntsturing op de diverse Prl-posten.

Zie bijlage 5.2: “Van patroonbeweging tot procesplan”.";;;;;;;;;;
Dienstregeling-primair gebied;;;"Dienstregeling-Primair gebied is een algemeen begrip voor een dienstregelpunt of een vrije baan. Het betreft daarmee de gebieden die van primair belang zijn voor de dienstregeling; vandaar de term.";;;;gebied, dienstregelpunt, vrije baan;;;;;;;;;;;
Dienstregelingssnelheid;inlegsnelheid;;dienstregelingssnelheid is de snelheid waarmee een trein volgens de dienstregeling op een bepaald (deel)traject moet gaan rijden. ;;;;;;;;;;;;;;;
Dienstregelpunt;;;Een dienstregelpunt is een Primair gebied dat een aaneengesloten begrensd deel van het spoorwegnet vormt en dat een functie vervult bij het opzetten en vastleggen van de dienstregeling.;;gebied;aansluiting, brug, eindstation, evenementenhalte, goederenemplacement, grensstation, halte, IVO, knooppunt, overloop, station;gebied, spoorwegnet, aansluiting, eindstation, grensstation, halte, knooppunt, overloop, station, baanvak;"Er worden verschillende typen Dienstregelpunten onderscheiden: aansluiting, brug, eindstation, eve-nementenhalte, goederenemplacement, grensstation, halte, IVO (infravoorziening voor onderhoud), knooppunt, overloop, station.

Zie ook: baanvak.
Zie ook: https://otl.prorail.nl/otl/vigerend/Dienstregelpunt";;;;;;;;;;
Dienstregelpuntfase;;;Een dienstregelpuntfase is de identificatie van een baanvak bij een dienstregelpunt met de letters A, B of C;;;;baanvak, dienstregelpunt, trein;Met behulp van de dienstregelpuntfase kan worden aangegeven of een trein keert of doorgaat.;"Als een trein aankomt op dienstregelpunt X fase A en hij vertrekt vanuit dienstregelpunt X fase A, dan keert de trein.
Als een trein aankomt op dienstregelpunt X fase A en hij vertrekt vanuit dienstregelpunt X fase B, dan be-treft het een doorgaande trein.

dienstregelpuntfase C wordt zelden gebruikt.";;;;;;;;;
Dienstregelpuntspoor;;;Een dienstregelpuntspoor is een spoor in de benaming en afbakening volgens, in overeenstemming met het lokale gebruik op een dienstregelpunt.;;;;spoor, dienstregelpunt, ;"Het gaat eigenlijk om de benaming (en afbakening) van een spoor binnen de context van een dienstre-gelpunt, zoals dat voor dienstregelingsplanners en de gele vertrekstaten gebruikt wordt en zoals dat dus lokaal bekend is. Die benaming kan nog weleens verschillen met de spoornaam op het OBE-blad.
Dus:
spoor dat, naast zijn IA-identificatie, ter plaatse van het dienstregelpunt zijn lokale identificatie heeft.
Hieruit is de vertaling te maken van een algemene identificatie naar de planningsinterface, waar sporen in dienstregelpunt context gebruikt worden. Uit de relatie tussen dienstregelpunten en PPLG's volgt de PPLG_spoor identificatie.
Zie ook: https://otl.prorail.nl/otl/vigerend/Dienstregelpunt-Spoor";;;;;;;;;;
Dienstsnelheid;;;dienstsnelheid is de maximale snelheid van krachtvoertuigen.;;;;cabine, materieel; In de cabine van het materieel staat deze snelheid aangeduid met “Maximum Snelheid …km/h”.;;;;;;;;;;
Dieseltractie;;;"dieseltractie is tractie met behulp van de brandstof ""dieselolie"".";;tractie;;tractie;;;;;;;;;;;
Dijkcoupure;;;Een dijkcoupure is een geplande onderbreking in de dijk.;;;;;;;;;;;;;;;
Dilaterende inrichting;compensatielas;;;;;;compensatieinrichting;Zie ook: https://otl.prorail.nl/otl/vigerend/Compensatieinrichting;;;;;;;;;;
Dive under;;;Een dive under vrije kruising waarbij het onderste spoor/sporen verdiept (onder maaiveld) zijn aange-legd. ;;vrije kruising;;vrije kruising, spoor, fly over;Zie ook fly over.;;;;;;;;;;
Doorrijsnelheid;;;doorrijsnelheid is de maximale snelheid bij doorrijden van treinen ter plaatse van een station.;;;;station, trein;;;;;;;;;;;
Doorrijspoor;;;Een doorrijspoor is een spoor specifiek ingericht voor het doorrijden van een trein door een station.;;spoor;;spoor, trein, station, doorrijdgebied;Zie ook: https://otl.prorail.nl/otl/vigerend/Doorrijdgebied;;;;;;;;;;
Doorschieten;;;doorschieten is het tot stilstand komen van een trein voorbij een stoptonend sein .;;;;trein, sein;;;;;;;;;;;
Doorvaarthoogte;;;De doorvaarthoogte is de verticale afstand tussen de maatgevende waterstand en de onderkant van de overspanning boven de vaarweg.;;;;;;;;;;;;;;;
Doorvaartwijdte;;;De doorvaartwijdte van een (vaste) brug is de kleinste breedte onder die brug, gemeten loodrecht op de vaarwegas, die bij de maatgevende waterstand volledig door het maatgevende schip kan worden benut. ;;;;brug;(Pas op: doorvaartbreedte is geen term die bij waterwegen hoort).;;;;;;;;;;
Draagconstructie;;;Een draagconstructie is een onderdeel van het bovenleidingsysteem, bevattende alle funderingen, con-structies en bijbehorende componenten die bedoeld zijn om de bovenleiding te ondersteunen, op zijn plaats te houden, af te spannen of te isoleren, exclusief de beweegbare arm. ;;;;bovenleidingsysteem;"De draagconstructie bevat de volgende componenten:
•	Bevestigingsijzerwerk;
•	Beweegbare bovenleidingarmen voor zover deze normaal niet onder spanning staan;
•	Funderingen;
•	Masten, palen en portalen en vaste bovenleidingarmen;
•	Spaninrichtingen.";;;;;;;;;;
Draagkabel;;;Een draagkabel is een horizontaal, ongeïsoleerd, meeraderig geslagen leiding, onderdeel van de bo-venleiding en bedoeld voor het direct of indirect dragen van de rijdraad  zodanig dat de doorhang van de rijdraad tussen de bovenleiding palen beperkt blijft.;;;;bovenleiding, rijdraad;;;;;;;;;;;
Dubbelsporig baanvak;;;Een dubbelporig baanvak is een baanvak met twee hoofdsporen.;;baanvak;;enkelsporig baanvak, meersporig baanvak;"Zie ook: Enkelsporig baanvak
Zie ook: Meersporig baanvak";;;;;;;;;;
Duiker;;;Een duiker is een koker dwars onder een baan- of weglichaam door.;;;;;Zie ook: https://otl.prorail.nl/otl/vigerend/Duiker;;;;;;;;;;
DVP;;;Digitaal Veiligheids Paspoort en / of Digitaal Veiligheids programma.;;;;programma;Zie ook: https://www.railalert.nl/dvp;;;;;;;;;;
Dwangnummer;;;Een dwangnummer is een identificerend nummer van een route voor een bepaalde rijweg. ;;;;route, rijweg;"Bij procesleiding kunnen maximaal 10 vooraf geconfigureerde routes van een rijweg automatisch wor-den ingesteld met behulp van zgn. dwang-knoppen. Hier komt het dwangnummer vandaan.

Zie ook: https://otl.prorail.nl/otl/vigerend/Dwangnummer";;;;;;;;;;
Dwarsligger;;;Een dwarsligger is een onderdeel van de onderbouw waarop haaks de spoorstaven worden bevestigd. De dwarsligger zorgt ervoor dat de spoorstaven op de juiste spoorwijdte worden gehouden en dat de belasting van de trein gelijkmatig wordt overgebracht naar het ballastbed.;;;;onderbouw, dwarsligger, spoorwijdte, trein, ballastbed, spoorstaaf;In een Ballast loze onderbouw komt de dwarsligger alleen voor in de Duitse Feste Farhbahn bouwme-thode.;;;;;;;;;;
Dwarsliggermat;undersleeper pad;;;;;;;;;;;;;;;;;
EBP;;;Een Elektronische bedienpost is een gebiedsgewijze bedieninstallatie ten behoeve van de aansturing van de beveiliging (commando’s aan wissels, seinen, enz.) en het doorgeven van de signaleringen (sta-tus wissels, seinen, treinposities) aan de treindienstleider.;;bedienpost;;bedienpost, beveiliging, treindienstleider, gebied, wissel, sein;;;;;;;;;;;
EBS;;;Het Elektronische beveiliging SIMIS (Microprocessor systeem van Siemens) is een elektronisch beveili-gingssysteem.;;beveiligingssyteem;;beveiliging, beveiligingssysteem, systeem;ebs is vooral geschikt voor grote tot zeer grote emplacementen.;;;;;;;;;;
Ecoduct;natuurbrug, wildviaduct;;Een ecoduct  is een kunstwerk over een weg of spoorweg waarbij de bovenste laag overeenkomstig de aard van de omliggende natuur is ingericht. ;;kunstwerk;;kunstwerk, spoorweg, spoor;"Een ecoduct verbindt versnipperde leefgebieden van dieren aan weerszijden van de (spoor)weg met el-kaar 
Soms wordt een ecoduct voorzien van een fiets- of wandelpad voor recreatief gebruik door de mens. ";;;;;;;;;;
Eendelig wissel;;;Een eendelig wissel is een wissel met tongbewegingen en een vast puntstuk.;;wissel;;meerdelig wissel, wissel, puntstuk;De complementaire variant is een meerdelig wissel.;;;;;;;;;;
Eenheid;;;De organisatorische eenheid waarin een medewerker die betrokken is bij een bepaald proces is inge-deeld.;Van Dale;;;;"Definitie (van Dale)
1.	Verband, samenhang 
2.	Samenhangend geheel 
3.	Maat, hoeveelheid of grootheid die als standaard aangenomen wordt 
4.	Samenwerkende groep mensen

Hier variant 4: ";;;;;;;;;;
Eenheid Van Bedrijfshinder;;;eenheid Van Bedrijfshinder (EVB) is een registratie eenheid om te kunnen bepalen hoeveel hinder het niet beschikbaar zijn van de railinfrastructuur voor de treindienst heeft gekost;;eenheid;;eenheid, railinfrastructuur, treindienst;;;;;;;;;;;
Eilandperron;;;Een eilandperron is een perron ingesloten tussen 2 sporen.;;perron;;perron, spoor;Zie ook: https://otl.prorail.nl/otl/vigerend/Eilandperron;;;;;;;;;;
Eindstation;;;Een eindstation is het laatste als station aangemerkt dienstregelpunt in het pad van een trein.;;station;;station, dienstregelpunt, pad, trein;;;;;;;;;;;
Elektrische verbinding;;;Een elektrische verbinding is een geleider voor de elektrische koppeling tussen twee of meerdere com-ponenten of systemen.;;;;koppeling, bovenleidingsysteem, draagkabel, rijdraad, versterkingsleiding, bovenleidingschakelaar;"Toelichting specifiek voor het bovenleidingsysteem:
Een geleider die voor een permanent contact tussen draagkabel, rijdraad en eventuele versterkingslei-ding en/of tussen bovenleidingsecties onderling zorgt, en ook de draad die het permanente contact vanaf de bovenleidingschakelaar naar de draagkabel, rijdraad en eventuele versterkingsleiding vormt.";;;;;;;;;;
Elektromagnetische compatibiliteit ;;;Elektromagnetische compatibiliteit (EMC) is de hoedanigheid van een onderdeel, apparaat of systeem om in zijn elektromagnetische omgeving naar wens te functioneren, zonder hierbij zelf ontoelaatbare elektromagnetische storingen aan deze omgeving toe te voegen.;;;;systeem;;;;;;;;;;;
Emplacement;spooremplacement, spoorwegemplacement;;Een emplacement is een gebied van de railinfrastructuur dat bestemd en ingericht is om treinen te doen stoppen, beginnen, eindigen, inhalen, kruisen, opstellen of rangeren en voorzien van ten minste één wissel.;Regeling Spoorverkeer: https://wetten.overheid.nl/BWBR0017707/2023-01-01;;;gebied, railinfrastructuur, kruisen, opstellen, rangeren, wissel, spoorwegemplacement, trein;"In artikel 39 en 40 van de Regeling Spoorverkeer wordt emplacement als volgt aangeduid:
Tot een spoorwegemplacement behoren:
a.	Alle sporen, aangeduid met een cijfer;
b.	De spoorgedeeltes van het Wisselcomplex; en
c.	Alle aan de sporen als bedoeld in onderdeel a en b grenzende sporen tot een maximale afstand van 200 meter voor het toeleidende Sein van het bedoelde Emplacement.

In artikel 39 lid 2 van de Regeling Spoorverkeer zijn de emplacementen vermeld waar een grotere af-stand dan 200 m benodigd is.";;;;;;;;;;
Energievoorziening;;;energievoorziening zijn alle systemen en constructies van en in de spoorweginfrastructuur, die een functie hebben in het proces van transport, transformatie en distributie van elektrische energie van een aansluitpunt van het energiebedrijf naar stroom gebruikende objecten.;;;tractie-energievoorziening;spoorweginfrastructuur, cta, tractie-energievoorziening, spoorvoertuig, infrastructuur;"Voorbeelden van stroom gebruikende objecten zijn: seinen, wissels, overwegen, verlichting (buiten en in gebouwen), cta’s enz.

Bijzondere vormen van energievoorziening is de tractie-energievoorziening (TEV) waarbij het stroom gebruikende object een elektrisch aangedreven spoorvoertuig is en railinfravoedingen (RIV) waarmee de voeding van technische objecten in de infrastructuur wordt verzorgd.";;;;;;;;;;
Enkelsporig baanvak;;;Een enkelsporig baanvak is een baanvak met één hoofdspoor.;;baanvak;;dubbelsporig baanvak, meersporig baanvak;"Zie ook: dubbelsporig baanvak
Zie ook: meersporig baanvak";;;;;;;;;;
Enkelvoudige route;;;Een enkelvoudige route is de aaneenschakeling van ononderbroken aan elkaar grenzende spoortak-ken, waarbij tussen het VAN- en het NAAR-spoor geen bediende seinen in de rijrichting voorkomen.;;;;spoor;Zie ook: https://otl.prorail.nl/otl/vigerend/EV-Route;;;;;;;;;;
ERTMS;;;ertms (European rail Traffic Management System is) is het Europese gestandaardiseerde beveiligings-systeem voor het treinverkeer.;;beveiligingssyteem;;rail, beveiligingssysteem, treinverkeer, etcs, GSM-R, treindetectie, atb, trein;"Zie ook etcs (European Train Control System) en GSM-R(ail)
ertms kent 3 niveaus:
1.	Puntsgewijze treinbeveiliging met vaste blokken, en conventionele treindetectie. Deze is qua functionaliteit vrijwel gelijk met atb-NG;
2.	Cabinesignalering gebaseerd op radiocommunicatie, conventionele treindetectie, vaste blok-ken; 
3.	Cabinesignalering gebaseerd op radiocommunicatie, de trein geeft zelf zijn positie door, vaste of bewegende blokken. ";;;;;;;;;;
ES-las;;;Een elektrische scheidingslas is een elektrische onderbreking in de spoorstaaf in de vorm van een iso-lerend medium dat het metaal over de volledige doorsnede van het profiel vervangt.;;spoorstaaf;;;Zie ook: https://otl.prorail.nl/otl/vigerend/ES-Las;;;;;;;;;;
ETCS;;;etcs (European Traffic Control System) is een onlosmakelijk onderdeel van het ertms en heeft betrekking op de signalering, zowel naast het spoor als in de cabine.;;;;ertms, spoor, cabine;;;;;;;;;;;
Fabrieksacceptatietest;;;De Fabrieksacceptatietest (FAT) is een activiteit waarbij wordt beoordeeld of het product voldoet aan vooraf gedefinieerde acceptatiecriteria.;;activiteit;;product;De test wordt op de productielocatie van de fabrikant door de fabrikant uitgevoerd, vaak in het bijzijn van de opdrachtgever.;;;;;;;;;;
Fail-safe;;;Fail-safe is de eigenschap van een systeem zodat dit bij storing (fail) terugvalt in een veilige bedrijfstoe-stand (safe). ;;;;systeem, storing;;;;;;;;;;;
Filtervlies;;;Een filtervlies is een aangebracht vlies tussen de aardenbaan en het ballastbed, waarmee vermenging van de ballast en de aarde wordt voorkomen terwijl waterafvoer wel mogelijk is.;;;;ballastbed;;;;;;;;;;;
Flankbeveiliging;;;flankbeveiliging is een maatregel met als doel het voorkomen van ongewenst en ongecontroleerd toe-treden van een trein op een ander spoor c.q. een maatregel om zijdelingse aanrijding van treinen te voorkomen.;;;;trein, spoor, stopontspoorblok, ontspoortong, route;"Hierbij kan fysiek gebruik gemaakt worden van bijvoorbeeld: stopontspoorblok, ontspoortong en veilig-heidskopspoor; logisch in de rijwegsturing: de sturing in de afleidende standen van aangrenzende zo-genaamde eis- en verzoekwissels nabij een in te stellen route.";;;;;;;;;;
Fly over;;;Een fly over is een vrije kruising waarbij het bovenste spoor/sporen verhoogd (=boven maaiveld) wordt aangelegd.;;vrije kruising;;vrije kruising, spoor;;;;;;;;;;;
FTE;;;Het Forum Train Europe (www.fte-rail.com) is een Europees forum van spoorwegondernemingen voor de internationale productieplanning en de coördinatie van hun dienstregelingen in het Europese spoorverkeer.;;;;spoorverkeer, medewerker;"Ook bekend uit de wereld van P&O:
Full Time Equivalent oftewel medewerker die standaard aantal uren bij bedrijf werkzaam is.";;;;;;;;;;
FTE;;Bedrijfsvoering;Full Time Equivalent oftewel medewerker die standaard aantal uren bij bedrijf werkzaam is.;;;;medewerker;;;;;;;;;;;
Functieherstelduur;functiehersteltijd;;functieherstelduur is de tijd die nodig is om een systeem na een storing weer beschikbaar te hebben.;;;;systeem, storing;;;;;;;;;;;
Functiehersteltijd;functieherstelduur;;;;;;;;;;;;;;;;;
Functionele acceptatietest;beheeracceptatietest;;Een functionele acceptatietest is een activiteit waarbij een functioneel beheerder beoordeelt of het pro-duct voldoende ondersteund kan worden.;;activiteit;;activiteit, product, systeem;Hierbij wordt bijvoorbeeld beoordeeld of de documentatie correct is en of het systeem te wijzigen is? ;;;;;;;;;;
Fundering;;;Een fundering is een (meestal)deels ondergrondse voorziening als onderdeel van de draagconstructie, dat dient om verzakking te voorkomen van daarop geplaatste constructies.;;;;draagconstructie, bovenleidingsysteem;Voor het bovenleidingsysteem betreft het de constructie waarop palen, masten of portalen van zijn ge-plaatst.;;;;;;;;;;
Fundering Stabilisatieconstructie;;;Een fundering stabilisatieconstructie is een generaliserende term voor ballastbed en ballastloze con-structie.;;;ballastbed, ballastloze constructie;fundering, stabilisatieconstructie, ballastbed, ballastloze constructie;;;;;;;;;;;
Gaasraam;afschermraam;;Een gaasraam is een afscherming die geplaatst is om onbedoelde aanraking door publiek of onder-houdspersoneel met de bovenleiding te voorkomen.;;;;bovenleiding;;;;;;;;;;;
Gebied;;;Een gebied is een eenduidig afgebakende en samenhangende deelverzameling in de topologie van de railinfrastructuur.;;;;railinfrastructuur, sein, ruimte;"Definitie
Algemeen (Van Dale): deel van het aardoppervlak.

Spoorgebonden binnen ProRail: 
Een gebied is een eenduidig afgebakende en samenhangende deelverzameling in de topologie van de railinfrastructuur.

Toelichting
Afbakening gebeurt per gebiedstype volgens geëigende criteria: zie bijv. PPLG-catechismus; bediend sein  afbakening, ""krijtstreepjes"", punten. Samenhang betekent: geen openliggende stukken (gaten) in de topologie binnen één gebied.

Zie ook: https://otl.prorail.nl/otl/vigerend/Ruimte";;;;;;;;;;
Gebruikersacceptatietest;;;Een gebruikersacceptatietest is een activiteit waarbij wordt beoordeeld of het product of asset de gebrui-ker voldoende ondersteunt.;;acitiviteit;;activiteit, product, asset;"De test wordt door de gebruiker, of door een afvaardiging van de gebruikers uitgevoerd. 
De Engelse benaming: user acceptance test (UAT).";;;;;;;;;;
Gebruiksbeperking;;;Een gebruiksbeperking is een afwijking van de normale gebruikswaarde van de railinfrastructuur.;;;belastingbeperking, toelatingsnormen;railinfrastructuur, materieel, toelatingsnormen;"Zoals:
•	belastingbeperking;
•	Beperking milieuvergunning;
•	Beperking stroomafname;
•	Geluidsbeperking;
•	materieel-spooruitsluiting;
•	materieel-wisseluitsluiting;
•	Tijdelijke snelheidsbeperkingen (TSB's);
•	toelatingsnormen en vervoersregelingen;
•	Vervoersbeperking.";"Vervoersbeperking: Uitgesloten van reizigersvervoer (Betuwelijn)
Beperkte milieuvergunning: Er mogen maximaal 10 wagons met chloor rijden langs een woonwijk.";;;;;;;;;
Gebruiksvergoeding;;;De term ‘gebruiksvergoeding’ is het verzamelbegrip voor de diverse vergoedingen die spoorwegonder-nemingen aan ProRail betalen in verband met de diensten die zij van ProRail afnemen voor het verwer-ven van capaciteitsrechten en de toegang tot en het gebruik van de door ProRail beheerde spoorwegin-frastructuur en voorzieningen, en ook de daarbij te leveren diensten.;;;;;De term gebruiksheffing mag niet gebruikt worden.;;;;;;;;;;
Gebruiksvoorschrift;;;"Het gebruiksvoorschrift (GVS) is de gebruiksaanwijzing van het railproduct; het beschrijft: 
•	De werking van het product 
•	Hoe het product gebruikt of bediend moet worden 
•	Hoe het product generiek is vrijgegeven; configuraties met andere railproducten gebruikt of be-diend moet worden ";;;;bedienvoorschrift;"(LET OP: het gaat hier niet om bedieningsvoorschrift voor een specifieke installatie) 

Toelichting
Lokaal specifieke bedienvoorschriften staan in het bedienvoorschrift (BVS).";;;;;;;;;;
Geduwde beweging;;;Een geduwde beweging is een beweging waarbij het tractie leverende spoorvoertuig zich niet vooraan bevindt, gezien vanuit de rijrichting.;;beweging;;beweging, tractie, spoorvoertuig;;;;;;;;;;;
Gekoppeld wissel;;;Een gekoppelde wissel is een combinatie van twee wissels die bij bediening altijd simultaan omlopen.;;;;wissel;Zie ook: https://otl.prorail.nl/otl/vigerend/Stellergroep_Gekoppelde-Bediening;;;;;;;;;;
Geldigheid;;;Geldigheid is een nadere aanduiding van een tijdsduur waarbinnen het voorkomen van een gebeurtenis, activiteit of aanwezigheid van een object van kracht is. ;;;;daggrens;"“Geldig” (van Dale): 1 van kracht zijnde

Het aspect geldigheid komt in vele vormen voor binnen de geautomatiseerde systemen.
De manier waarop de tijdseenheid wordt benoemd is afhankelijk van de planningsfase. Hierin kan de tijdseenheid omschrijvend zijn (bijv. Zomer) is specifiek op datum en/of tijd. 
De definities van de meest belangrijke zijn hieronder vermeld:

Een tijdstip is in uren en minuten (hh:mm) en een datumtijd is in jaren, maanden, dagen, uren en minuten (DD-MM-YYYY hh:mm).

Een weekdag is een maandag, dinsdag ,..., zondag met een daggrens van 00:00 uur. ";"Weekdag maandag loopt van maandag 00:00 uur tot dinsdag 00:00 uur.

Een patroondag is gebaseerd op een weekdag die begint op het tijdstip van de daggrens op de desbe-treffende weekdag en duurt 24 uur.
Voorbeeld: 
Patroondag maandag met daggrens 02:00 uur loopt van maandag 02:00 uur tot dinsdag 02:00 uur.

Een kalenderdag is een specifieke dag die begint om 00:00 uur op de desbetreffende dag en eindigt 24 uur later.
Voorbeeld: 
Kalenderdag maandag 22 december 1997 loopt van maandag 22 december 1997 00:00 uur tot dinsdag 23 december 1997 00:00 uur.

Een concrete dag is een specifieke dag die begint op het tijdstip van de daggrens op de desbetreffende dag en eindigt 24 uur later. In NS-jargon wordt voor concrete dag ook verkeersdag (synoniem) gehan-teerd.
Voorbeeld: 
Concrete dag maandag 22 december 1997 met daggrens 02:00 uur loopt van maandag 22 december 1997 02:00 uur tot dinsdag 23 december 1997 02:00 uur.

Een patroongeldigheid geeft aan wanneer een activiteit geldig is. Er worden momenteel drie typen pa-troongeldigheden onderscheiden namelijk een dagsoortgeldigheid, een periodegeldigheid (dit kan ook losse dagen betreffen) en een samengesteldegeldigheid 

Voorbeeld:
Patroongeldigheid		Type			Omschrijving
67()			Dagsoortgeldigheid		Op zaterdag en zondag het hele drgljaar
()			Dagsoortgeldigheid		Op alle dagen het hele drgljaar
AC			Periodecodegeldigheid	Oudejaarsavond
ZA			Periodecodegeldigheid	Zomer
12 (ZA)			Samengestelde geldigheid	Op maandag en dinsdag in de zomer

Een bijzondere verkeersdag is een concrete dag waarop de dienstregeling niet gereden wordt, zoals op grond van zijn eigenlijke patroondag verwacht mag worden, maar als op een andere patroondag.
Voorbeeld: 
Bijzondere verkeersdag 1 januari 1998 (concrete dag) heeft als oorspronkelijke patroondag donderdag, maar wordt gereden als op patroondag zondag.

Een weekgeldigheid geeft een geldigheid van een activiteit binnen een gegeven week in patroondagen weer. De weekgeldigheid is vergelijkbaar met het type dagsoortgeldigheid binnen patroongeldigheid.

De dag-tijd-relatie geeft aan of een activiteit is gepland op de weekdag gelijk aan de patroondag of op de weekdag erna. De dag-tijd-relatie heeft de waarde ‘0’ als de activiteit is gepland op de weekdag gelijk aan de patroondag en heeft de waarde ‘1’, indien de activiteit is gepland op de weekdag erna. 
Het gebruik van de dag-tijd-relatie voor een activiteit is afhankelijk van de keuze van de daggrens. Als de daggrens ongelijk is aan 00:00 uur, geldt voor de activiteiten die tussen 00:00 en de daggrens zijn ge-pland, dat ze bij het patroon van de patroondag horen die de weekgeldigheid aangeeft maar dat ze op de weekdag erna zijn gepland. 
Voorbeeld:
Activiteit met weekgeldigheid ‘donderdag’ en met dag-tijd-relatie ‘0’ vindt plaats op weekdag donderdag en hoort bij patroondag donderdag.
Activiteit met weekgeldigheid ‘donderdag’ en met dag-tijd-relatie ‘1’ vindt plaats op weekdag vrijdag maar hoort bij patroondag donderdag.";;;;;;;;;
Gelijkrichter;;;Een gelijkrichter is een elektronische schakeling die een wisselspanning omzet (gelijkricht) in een gelijkspanning. ;;;;;Zie ook: https://otl.prorail.nl/otl/vigerend/Laadgelijkrichter;;;;;;;;;;
Gelijktijdigheden;;;gelijktijdigheden is de mogelijkheid om meerdere bewegingen over parallelle sporen uit te voeren.;;;;beweging, spoor;;;;;;;;;;;
Gelijkvloerse kruising;;;Een gelijkvloerse kruising is een kruising tussen wegen, spoorwegen en een weg en een spoorweg waarbij de verkeersstromen elkaar op gelijke hoogte kruisen.;;kruising;overweg, aansluiting;spoorweg, kruisen, overweg, aansluiting;;Voorbeelden zijn: een overweg, een aansluiting of splitsing, een kruispunt.;;;;;;;;;
Geluidsbelasting;;;geluidsbelasting is het gemeten aantal dB(A) die een trein voortbrengt bij een meetpunt.;;;;trein, meetpunt, db(A);;;;;;;;;;;
Geluidsoverschrijding;;;geluidsoverschrijding is het aantal dB(A) waarmee een afgesproken geluidsnorm wordt overschreden.;;;;db(A);;;;;;;;;;;
Generic Application test;;;Een generic application test (GAT) is een activiteit waarbij locatie onafhankelijk het systeemgedrag wordt beoordeeld of het product voldoet vooraf gedefinieerde acceptatiecriteria.;;activiteit;;activiteit, product;De test wordt op de productielocatie van de fabrikant door de fabrikant uitgevoerd, vaak in het bijzijn van de opdrachtgever.;;;;;;;;;;
Geo-Informatie;;;Geo-informatie zijn gegevens met een georeferentie.;;;;georeferentie;;;;;;;;;;;
GeoObject;;;Een geoobject is een abstractie van een object uit de werkelijkheid dat geassocieerd is met een locatie op het aardoppervlak.;;;;;;;;;;;;;;;
Georeferentie;;;Locatie van een object vastgelegd in een ruimtelijk referentiesysteem op het aardoppervlak.;;;;;Een ruimtelijk referentiesysteem op het aardoppervlak is bijvoorbeeld het stelsel van meridianen en pa-rallellen (lat/long-stelsel op wereldniveau of het RD-stelsel binnen Nederland).;;;;;;;;;;
Gerechtigde;;;Volgens de Spoorwegwet is een gerechtigde een natuurlijk persoon of een rechtspersoon die bevoegd is tot het sluiten van een toegangsovereenkomst met ProRail.;Spoorwegwet;;;toegangsovereenkomst;Zie artikel 57 van de Spoorwegwet.;;;;;;;;;;
Gesloten (af)spaninrichting;;;Een gesloten afspaninrichting (gsi) is een schakelaar die 2 bovenleidingen mechanisch kan scheiden, waarbij de afspaninrichting uitsluitend een mechanische functie heeft.;;afspaninrichting;;afspaninrichting, schakelaar;"gesloten afspaninrichtingen zijn niet geschikt voor het scheiden van twee elektrische groepen of het scheiden van twee fasen (bij wisselspanning). Let op het verschil met open afspaninrichting.

Zie ook: https://otl.prorail.nl/otl/vigerend/Afspaninrichting";;;;;;;;;;
Gespreksdiscipline;;;gespreksdiscipline is een regime van regels, die gelden voor het uitvoeren van de veiligheidscommuni-catie. ;;;;;"Deze regels bestaan uit:
•	Gespreksregels, een aantal algemeen geldende regels
•	Dienstuitdrukkingen, woorden en zinnen, die daadwerkelijk gebruikt moeten worden
•	NATO-alfabet en getallen, regels voor het spellen van woorden en letters en het gebruik van getallen en cijfers.";;;;;;;;;;
Gevaarlijke stoffen;;;gevaarlijke stoffen zijn stoffen, die door hun eigenschappen in geringe hoeveelheid al gevaar opleveren voor mens, dier of milieu, zoals bedoeld in de Wet vervoer gevaarlijke stoffen, Stbl 1995, 525.;;;milieu;;"Voor het vervoer van gevaarlijke stoffen worden 2 registraties gehanteerd, ieder met eigen codering:
1. GEVI Gevaarindicatie. Deze informatie staat op voertuigen, waarin gevaarlijke stoffen vervoerd wor-den.
2. UN volgens de voorschriften van de Verenigde Naties";;;;;;;;;;
Glijdend variabel blok;;;Een glijdend variabel blok is een in lengte variërende ruimte op de railinfrastructuur rond een beweging met een variabele ruimte ervoor en een variabele ruimte erachter incl. de lengte van de materieelsamen-stelling van die beweging.;;blok;;blok, railinfrastructuur, beweging, cabine, trein;"De afbakeningen van een glijdend variabel blok bewegen mee in de rijrichting.
De signalering vindt plaats in de cabine. De variabele ruimte is afhankelijk van snelheid en de berem-ming van de materieelsamenstelling en een veiligheidsmarge. In dit glijdend variabel blok mag zich slechts één beweging bevinden.

Een glijdend variabel blok is mede gebaseerd op dienstregeling snelheid en de remcurve van een trein.";;;;;;;;;;
Goederenpad;;;Een goederenpad is een pad voor een goederentrein.;;pad;;pad;;;;;;;;;;;
Goederenwagon;;;Een goederenwagon is een type materieeleenheid die specifiek bedoeld is om beladen te worden met goederen.;;materieeltype;;materieeltype;;;;;;;;;;;
Grendel;;;Een grendel is een schakelaar waarmee volgens een afgesproken protocol de bediening van een deel van de infrastructuur kan worden overgenomen/weggegeven.;;schakelaar;;schakelaar, infrastructuur;"Van deze vergrendeling wordt de stand in de beveiliging gecontroleerd: als het grendel niet in een stand ligt waarin het spoor veilig kan worden bereden, komt het toe leidende Sein niet uit de stand stop.
De bediening van een grendel kan met behulp van een elektromotor (= elektrisch grendel) of handmatig via trekdraden.

Zie ook: https://otl.prorail.nl/otl/vigerend/Grendel";;;;;;;;;;
Grensbaanvak;;;Een grensbaanvak is een baanvak begrensd door twee grensstations waarbij één in Nederland en één in het buitenland ligt.;;;;grensstation;;;;;;;;;;;
Grensstation;;;Een grensstation is het laatste station voor de landsgrens.;;station;;station;;;;;;;;;;;
Groot Onderhoud;;;groot onderhoud (GO) omvat die vervangings- en vernieuwingsactiviteiten van grotere gedeelten van het spoor en bijbehorende equipment, als daarvan de technische levensduur teneinde is geraakt.;;;;spoor;;;;;;;;;;;
GRS spoorstroomloop;;;Een General Railway Signalling spoorstroomloop is een spoorstaaf gebonden systeem waar m.b.v.  elektrische spanningsverschillen tussen de spoorstaven wordt bepaald of de betreffende sectie bezet is ten gevolge van kortsluiting door een wielstel of een kortsluitlans.;;spoorstroomloop;;spoorstroomloop, spoorstaaf, systeem sectie;Zie ook: https://otl.prorail.nl/otl/vigerend/GRS-SSL-Sectie;;;;;;;;;;
GSM-R;;;GSM-R is het draadloze telecommunicatienetwerk voor de spoorsector.;;;;machinist, treindienstleider, trein;GSM-R wordt gebruikt als communicatiemedium voor zowel spraak (machinist en treindienstleider) als data (tussen de beveiligingssystemen aan wal en in de trein). Verschil met gewone GSM  is dat de ver-binding wordt bewaakt.;;;;;;;;;;
Halte;;;Een halte is het gedeelte van de vrije baan voorzien van een inrichting waar reizigers kunnen in- en uit-stappen en/of goederen kunnen worden aangenomen en afgeleverd, niet zijnde een station. Treinen kunnen hier niet van volgorde wisselen of inhalen.;;;;vrije baan, station;;;;;;;;;;;
Halteren;;;halteren is het stoppen van een trein op een halte of een station.;;;;trein, halte, station;;;;;;;;;;;
Hangdraad;;;Een hangdraad is een verticale draad, onderdeel van de bovenleiding, bedoeld om de mechanische en elektrische verbinding te vormen tussen de draagkabel en de rijdraad.;;;;bovenleiding, elektrische verbinding, draagkabel, rijdraad;"Een hangdraad draagt eraan bij dat de rijdraad op een vaste afstand boven de spoorstaven hangt.
Afhankelijk van het bovenleidingsysteem hebben de hangdraden al dan niet een elektrische functie:
•	Bij geen elektrische functie worden separate elektrische verbindingen gebruikt;
•	Bij een wel elektrische functie worden hangdraden met speciaal daarvoor bestemde voorzie-ningen uitgerust.";;;;;;;;;;
Hartpunt;;;Een hartpunt is een tot een punt gereduceerde locatie van een dienstregelpunt of wisselgebied op de macropresentatie van het spoorwegnet.;;;;dienstregelpunt, spoorwegnet;;;;;;;;;;;
Hellingbaan;;;Een hellingbaan is een traploze (voetgangers)verbinding om niveauverschillen te overbruggen, bv. tus-sen een perron en een overpad.;;;;perron, overpad;Zie ook: https://otl.prorail.nl/otl/vigerend/Hellingbaan;;;;;;;;;;
Herhalingssein;;;Een herhalingssein is een lichtsein dat voorafgaat aan een voorsein of een hoofdsein, in situaties waar-in het voorsein of hoofdsein niet op voldoende afstand zichtbaar is, en een indicatie geeft van het sein-beeld van het voorsein of hoofdsein.;;lichtsein;;lichtsein, voorsein, hoofdsein;"Een herhalingssein herhaalt het seinbeeld vereenvoudigd: ‘voorbijrijden toegestaan’ en ‘voorbijrijden niet toegestaan’. 

Zie ook: https://otl.prorail.nl/otl/vigerend/Herhalingssein";;;;;;;;;;
Herroepen van sein;;;Herroepen van een sein is het terugschakelen in de stand stop van een bediend hoofdsein.;;;;sein, hoofdsein;Bijbehorende procedure is beschreven in de “Werkwijze treindienstleider”.;;;;;;;;;;
Herstellen (onderhoud);;;"Van Dale
her·stel·len2 (ov.ww.)
1 weer in goede of bruikbare staat brengen => maken, redresseren, repareren
2 (de oorspronkelijke toestand) laten terugkeren
3 (een gebrek, ongerechtigheid) verhelpen, opheffen";Van Dale;;;;;;;;;;;;;;
Heuvelen;;;heuvelen is een techniek die toegepast wordt bij het rangeren door het over een heuvel drukken van wagons die vervolgens door de zwaartekracht uitrollen naar een geplande bestemming.;;;;rangeren;;;;;;;;;;;
Hogesnelheidslijn;;;Een hogesnelheidslijn is een spoorlijn, die is uitgerust voor een baanvaksnelheid van tenminste 250 km/uur. ;;spoorlijn;;spoorlijn, baanvaksnelheid;Ref. Beschikking nr. 1692/96/EG;;;;;;;;;;
Hogesnelheidsnet;;;Een hogesnelheidsnet is een groepering van spoorlijnen ten behoeve hogesnelheidstreinen en de ver-keersleidings-, plaatsbepaling- en navigatiesystemen, technische installaties voor gegevensverwerking en telecommunicatie ten behoeve van het vervoer op deze lijnen.;;;;hogesnelheidstrein, verkeersleiding;"De groep bestaat uit:
•	Hogesnelheidslijnen
•	Spoorlijnen die zijn aangepast en uitgerust voor snelheden van ongeveer 200 km/uur;
•	Spoorlijnen die speciaal zijn aangepast voor hoge snelheden en die een specifiek karakter hebben omdat de snelheid per geval moet worden afgestemd op topografische belemmeringen, het reliëf of de stedelijke bebouwing. 
•	De volgende spoorlijnen die met conventionele snelheid worden gebruikt door hogesnelheidstrei-nen:
o	Verbindingslijnen tussen hogesnelheids- en conventionele netwerken,
o	De doortochten in stations,
o	De toegangen tot terminals, remises, enz.


Toelichting
Ref. Beschikking nr. 1692/96/EG
";;;;;;;;;;
Hogesnelheidstrein;;;"Een hogesnelheidstrein is een spoorvoertuig, dat onderstaande exploitatiesnelheid kan bereiken.
•	Op een hogesnelheidslijn
o	Onder ongeschikte omstandigheden > 250 km/h,
o	Onder geschikte omstandigheden > 300 km/h;
•	Op het hogesnelheidsnet
o	Ongeveer 200 km/h voor zover het prestatieniveau van het hogesnelheidsnet dit mogelijk maakt.";;spoorvoertuig;;;Ref. Beschikking nr. 1692/96/EG;;;;;;;;;;
Hoofdsein;;;Een hoofdsein is een lichtsein dat 'stop' kan tonen.;;lichtsein;;;Zie ook: https://otl.prorail.nl/otl/vigerend/Hoofdsein;;;;;;;;;;
Hoofdspoorweg;;;Een hoofdspoorweg is een spoorweg, die uitsluitend of overwegend bestemd is voor het verrichten van openbaar personenvervoer of goederenvervoer ten behoeve van internationale, nationale of regionale verbindingen en waarbij de Staat rechthebbende is ten aanzien van de spoorweg.;Spoorwegwet;spoorweg;;spoorweg;Art. 2 lid 2 van de Spoorwegwet.;;;;;;;;;;
Hoogspanningverdeelinrichting;;;Een hoogspanning verdeelinrichting (HVI) is een installatie met de functie elektrische vermogen van orde grootte 1 MW of meer te verdelen.;;;;;;;;;;;;;;;
Hotboxdetector;;;De Hotboxdetector registreert warm- en heetgelopen wiellagers, wielen en remmen van passerende spoorvoertuigen. Hiertoe zijn sensoren ingebouwd in een holle stalen dwarsligger.;;;;dwarsligger, spoorvoertuig;Zie ook: https://otl.prorail.nl/otl/vigerend/Hotbox-Detector;;;;;;;;;;
IA-gebied;;;Een infra Atlas gebied is een gebied ten behoeve van unieke identificering van benaamde infraobjecten en dat bestaat uit een clustering van onderling aangrenzende dienstregelpunten en vrije banen.;;gebied;;infra, gebied, infraobject, dienstregelpunt, vrije baan;"In Nederland kunnen infraobjecten dezelfde naam hebben (bijv. er zijn 2 wissels 345) Door bij deze wis-sels verschillende IA_gebieden te administreren, zijn ze toch uniek geïdentificeerd binnen Nederland.
(Vergelijk: postcode-gebieden waarbinnen niet 2 keer hetzelfde huisnummer voorkomt)

Zie ook: https://otl.prorail.nl/otl/vigerend/IA-Gebied";;;;;;;;;;
IA-identificatie;;;"Identificatie van infraobjecten en voorzieningen op de railinfrastructuur binnen infra Atlas, die landelijk uniek is.
De identificatie bestaat uit het samenstel van {naam (of code), objecttype, IA-gebied}.";;;;railinfrastructuur, infra, IA-gebied;;;;;;;;;;;
In dienststellen;;productontwikkeling;In dienst stellen is een activiteit waarin een asset in het operationele systeem is opgenomen.;;activiteit;;activiteit, asset, productontwikkeling;;;;;;;;;;;
In dienststellen;;VL;In dienst stellen is een activiteit waarin een buitendienst gesteld gebied weer in dienst wordt genomen.;;activiteit;;;;;;;;;;;;;
In dienststellen;;Spoorwegwet;De term indienststelling kent ook een juridisch kader in de Spoorwegwet en EU wetgeving in relatie tot de vergunning tot indienststelling, EG Keuringsverklaringen en technische compatibiliteit met de tsi’s.;;;;tsi;;;;;;;;;;;
Incident;;;"Een bijzonder voorval met de volgende impact op het treinverkeer en de veiligheid:
•	Geen verstoring; en
•	Veiligheid is niet in gedrang gebracht; en
•	Geen direct letsel aan mens en dier of schade aan milieu of goederen;";;bijzonder voorval;;bijzonder voorval, treinverkeer, verstoring, letsel, milieu;"(Zie ook de beslisboom bij de definitie van bijzonder voorval.)

Toelichting
Van Dale:
1.	Storend voorval 
2.	[jur.] elk in een geding naast het hoofdgeschil opkomend twistpunt
3.	[wisk.] een punt gemeen hebbend
Hier conform variant 1
";;;;;;;;;;
Incidentenbestrijding;;;incidentenbestrijding is de besturingseenheid, verantwoordelijk voor incidentmanagement (in nauwe samenwerking met treindienstleiding, vervoerders en overheidshulpdiensten);;;;treindienstleiding;;;;;;;;;;;
Infra;railinfrastructuur;;;;;;;;;;;;;;;;;
Infrabeheerder;;;Een infrabeheerder is een organisatie die verantwoordelijk is voor de (nieuw)bouw en instandhouding van de Nederlandse railinfrastructuur.;;;;railinfrastructuur;;;;;;;;;;;
Infrabeperking;;;Een infrabeperking is het ongepland tijdelijk niet of beperkt beschikbaar zijn van een infradeel.;;;;infradeel, traject, verkeersleider, systeem, trajectdeel, spoor, treindienstleider, spoor;"In een aantal omgevingen wordt onder infrabeperking zowel het gepland (in dit document is dit een bui-tendienststelling) als ongepland tijdelijk niet of beperkt beschikbaar zijn van een traject verstaan. In deze context hebben we het dus over ongepland. 
Infrabeperkingen van een traject worden - na constatering buiten - door de verkeersleider in het VKL-systeem ingevoerd. Bij een infrabeperking wordt naast het traject - in de vorm van begin- en eind- dienstregelpunt -, alle deeltrajecten vastgelegd. Een trajectdeel bestaat uit twee opeenvolgende dienst-regelpunten, die deel uitmaken van de infrabeperking. Ook worden de begin- en eind (indien bekend) tijdstip vastgelegd.
Infrabeperkingen van een PPLG-spoor worden - na constatering buiten - door de treindienstleider in het PRL-systeem ingevoerd. Bij een infrabeperking wordt naast het spoor, het PPLG en een volgnummer vastgelegd. Ook worden de begin- en eind (indien bekend) tijdstip vastgelegd. Een infrabeperking bin-nen PRL wordt ook wel buitendienst gesteld spoor genoemd.";;;;;;;;;;
Infrabezetting;;;Een infrabezetting is de bezetting van één of meer infradelen voor een bepaalde tijdsduur, ongeacht de manier waarop, waardoor die infradelen niet meer gebruikt kunnen worden voor andere doelen.;;;;infradeel, materieel;"Bedoeld wordt een fysieke bezetting buiten, in de vorm van materieel, kortsluitlans, ongewenste voor-werpen of personen.
Onder fysieke bezetting door materieel wordt o.a. verstaan: rijden, halteren, opstellen, tanken, wassen, intern reinigen, klein onderhoud, etc.";;;;;;;;;;
Infracapaciteit;;;infracapaciteit is het vermogen van de railinfrastructuur om bewegingen, brugopeningen, infrawerk-zaamheden en diverse materieelwerkzaamheden te faciliteren. ;;;;railinfrastructuur, combineren, beweging, brugopening, materieel, infracapaciteitseenheid;Dit vermogen komt tot uitdrukking in het combineren van infracapaciteitseenheden.;;;;;;;;;;
Infracapaciteitseenheid;;;"Een infracapaciteitseenheid is een elementair ""ruimte-tijd"" deel, dat bepaald wordt door een gedetermi-neerd infradeel (ruimte) en een tijdsinterval, waarmee de toewijzing van infracapaciteit identificeerbaar en op maat kan worden verricht.";;;;infracapaciteit, infradeel, slot;Zie de tekening bij de toelichting van “Slot”.;;;;;;;;;;
Infradeel;;;Een infradeel is een kleinste eenheid van de railinfrastructuur waarvoor de infrainzet wordt vastgelegd. Dit kan een enkelvoudige route zijn of een spoor.;;;;eenheid, railinfrastructuur, infrainzet, enkelvoudige route, spoor;;;;;;;;;;;
Infragebruiker;;;Een infragebruiker is een klant die op basis van toewijzing door ProRail bevoegd is om gebruik te ma-ken van de Nederlandse railinfrastructuur. ;;klant;;klant, railinfrastructuur, infrabeheerder;;"Dit zijn: 
•	Aannemers (onder verantwoordelijkheid van de infrabeheerder);
•	Lagere overheden;
•	Spoorwegondernemers (vervoerders);
•	Verladers.";;;;;;;;;
Infragebruiksdoel;;;Een infragebruiksdoel is een algemeen begrip voor de reden van Infragebruik.;;;beweging, spoorbezetting, infraonttrekking;;;;;;;;;;;;
Infrainzet;;;infrainzet is de toekenning van een infradeel binnen een bepaald tijdsinterval aan een daarbij opgege-ven infragebruiksdoel.;;;;infradeel, infragebruiksdoel;;;;;;;;;;;
Infraknooppunt;;;Een infraknooppunt is een dienstregelpunt of PPLG met meer dan twee aansluitende vrije banen.;;dienstregelpunt;;PPLG, vrije baan;;;;;;;;;;;
Infraobject;;;Een infraobject is een fysiek element of constructie dat bepalend is voor de vormgeving van de railinfra-structuur of de werking daarvan.;;;;railinfrastructuur, stootjuk, infra;"Er zijn benaamde en NIET-benaamde infraobjecten.
Voor benaamde geldt:
Een infraobject, dat buiten en op de bladen een objectnaam heeft gekregen.

Uitzondering is een stootjuk en een terra-incognita. Deze infraobjecten hebben een administratief num-mer toegewezen gekregen bij opname van een OBE-blad in infra Atlas.

Volgens BID00001
Een afzonderlijk identificeerbaar fysiek bouwwerk, of een samenstellend deel daarvan.

Zie ook: https://otl.prorail.nl/otl/vigerend/Infra-Object";;;;;;;;;;
Infraobjecttype;;;Een infraobjecttype is een kwalificatie van een infraobject, die inhoud geeft aan diens betekenis in de context van de topologie waarin het zich bevindt.;;;;infraobject, beveiliging, wissel, stootjuk, sein, sectie, las;Betekenis en context worden mede bepaald door de optiek waarin het infraobject een rol speelt (ver-keerstechnisch, beveiliging, bediening). Daar kunnen subrubriceringen uit volgen met hun geëigende kenmerken. ;Voorbeelden van infraobjecttypes: wissel, stootjuk, bediend-sein, sectie, las, wibr, wubo, snelheidsbord.;;;;;;;;;
Infraonttrekking;;;Infraontrekking is een gebied dat tijdelijk niet beschikbaar is voor treinen. ;;;buitendienstgesteld gebied, buitengebruik genomen gebied, brugopening;buitendienstgesteld gebied, buitengebruik genomen gebied, brugopening;"Er zijn drie soorten Infra-onttrekking:
•	Buitendienstgesteld gebied;
•	Buitengebruik genomen gebied;
•	brugopening.

Een infraonttrekking manifesteert zich vaak op een samenhangende verzameling van infradelen die dan een gebied vormen.";;;;;;;;;;
Infrareservering;;;Een infrareservering is een gepland Slot voor een ongeïdentificeerde (niet-)beweging t.b.v. een pad of onderhoudsrooster.;;;;beschikbaarheid, trein, bijsturing, beweging, pad, slot;Een infrareservering bestaat dus op papier (in een infraplanning), en heeft dwingende invloed op de be-schikbaarheid van de betreffende infradelen die ermee gemoeid zijn, namelijk dat die voor geen andere doelen gebruikt mogen worden. In die zin is het een onttrekking. Maar later, na concrete (geplande) in-vulling met bijvoorbeeld een trein, zal die reservering niet meer herkend en beleefd worden als een ont-trekking.;Sommige sporen worden gereserveerd voor de bijsturing en mogen dus in eerste instantie niet worden gebruikt voor het plannen en uitvoeren van bewegingen.;;;;;;;;;
Infrastructuur;railinfrastructuur;;;;;;;;;;;;;;;;;
Infraversie;;;Een infraversie is een opzichzelfstaande, voor planningsdoeleinden complete verzameling gegevens over de railinfrastructuur, zowel wat betreft netwerkinfra als knooppuntinfra in het hele land. Een infraver-sie heeft een bepaalde periode van geldigheid.;;;;railinfrastructuur, geldigheid;;;;;;;;;;;
Ingegoten spoorstaaf constructie;;;Een ingegoten spoorstaaf constructie is een bovenbouwconstructie waarbij de spoorstaven in twee go-ten liggen en worden ondersteund en gefixeerd door een elastische kunststof gietmassa. ;;bovenbouwconstructie;;bovenbouwconstructie, spoorstaaf;;;;;;;;;;;
Inhaalsnelheid;;;inhaalsnelheid is de in de maximumsnelheid per (deel)traject waarmee een trein mag rijden bij een ver-traging. ;;;;traject, trein, vertraging;;;;;;;;;;;
Inklinken;zetting;;;;;;;;;;;;;;;;;
Inlegsnelheid;dienstregelingssnelheid;;;;;;;;;;;;;;;;;
Inspecteren;;;inspecteren is het nauwgezet bekijken om te beoordelen, te keuren.;Van Dale;;;;;;;;;;;;;;
Inspectie;;;inspectie is het inspecteren, het doen van een onderzoek.;Van Dale;;;;;;;;;;;;;;
Inspectiepad;;;Een inspectiepad is een looppad direct naast het spoor ten behoeve van inspectiewerkzaamheden ter-wijl het spoor zonder snelheidsbeperkingen in gebruik is. ;;;;spoor, pad, profiel van vrije ruimte;"Dit pad ligt buiten het profiel van vrije ruimte van het betreffende spoor..

Liever niet het begrip “schouwpad” gebruiken.";;;;;;;;;;
Instandhoudingsmanagement;;;instandhoudingsmanagement is de inspanning die gericht is op het optimaliseren van de gebruiksmo-gelijkheden van de railinfrastructuur door het efficiënt en effectief toepassen van alle instandhoudings-activiteiten over de gehele life cycle.;;;;railinfrastructuur, groot onderhoud, onderhoudsmanagement;;;;;;;;;;;
Intercity;;;intercity (IC) is een rijkarakteristiek van een trein, die uitsluitend halteert bij als IC-aangemerkte stations.;;;;rijkarakteristiek, trein;;;;;;;;;;;
Interlocking;;;Een interlocking is de centrale verwerkings- en stuurcentrale van de beveiliging.;;;;beveiliging, ebs;"De functie van interlocking is het borgen dat het treinverkeer veilig wordt afgewikkeld.
Het systeem: 
1.	Toetst of aangevraagde rijwegen kunnen worden toegekend, zonder strijdigheid met actuele status van de infra, bestaande spoorbezettingen of al eerder toegekende rijwegen;
2.	Stuurt en controleert infra-elementen zoals wissels en seinen;
3.	Geeft de infra weer vrij voor nieuwe rijwegen, zodra de trein de toegekende rijweg heeft afgereden.
interlocking bestaat in de varianten B-relaisinstallatie, VPI, ebs, ebs+, Smartlock, Ebilock en PLC.

Zie ook: https://otl.prorail.nl/otl/vigerend/Interlocking-Unit ";;;;;;;;;;
Interoperabiliteit;;;"interoperabiliteit: de geschiktheid van een spoorwegsysteem voor een veilig en ononderbroken interna-tionaal treinverkeer, waarbij de voor de betrokken lijnen gespecificeerde prestaties worden geleverd. De-ze geschiktheid hangt af van het geheel van wettelijke, technische en operationele voorwaarden die moeten worden vervuld om aan de essentiële eisen te voldoen; ";Interoperabiliteitsrichtlijn (2016/797 EU);;;veilig, treinverkeer, materieel, infrastructuur, intraoperabiliteit;"Dit stelt zowel uniformiteitseisen aan het materieel, maar ook aan de infrastructuur (let op verschil met in-traoperabiliteit). 
Bron: Interoperabiliteitsrichtlijn (2016/797 EU).";;;;;;;;;;
InterRegio;sneltrein;;;;;;;;;;;;;;;;;
Intraoperabiliteit;;;intraoperabiliteit is de geschiktheid van een spoorwegsysteem om treinen over het spoorwegnet binnen een land (hier Nederland) te kunnen laten rijden. ;;;;spoorwegnet, materieel, infrastructuur, interoperabiliteit;;;;;;;;;;;
Inwachten;;;inwachten is het wachten van een trein voordat deze toegelaten wordt op de vrije baan i.v.m. vrijgave van het spoor. ;;;;trein, vrije baan, vrijgave, spoor;;;;;;;;;;;
Isolator;;;Een isolator is een component die door middel van een mechanische verbinding een elektrische schei-ding teweegbrengt tussen geaarde/geminuste delen enerzijds en spanning voerende delen anderzijds, respectievelijk tussen geaarde delen of spanning voerende delen onderling.;;;;;;;;;;;;;;;
Kantcode;;;Een kantcode geeft bij een wissel aan welke van de drie mogelijke takken bedoeld wordt. ;;;;wissel, stootjuk;"Bij een stootjuk en een Terra_incognita is de kantcode altijd V(oor). 

Mogelijke waarde
V = Voor
L = Links
R = Rechts

Zie ook: https://otl.prorail.nl/otl/vigerend/Kantcode";;;;;;;;;;
Kanteldijk;;;Een kanteldijk is een waterkerende constructie langs een (spoor)weg bij doorsnijding van een waterke-ring.;;;;spoor;;;;;;;;;;;
Keerspoor;;;Een keerspoor is een spoor met een extra voorzien, zodat treinen kunnen keren.;;spoor;;spoor, keren;Dit spoor heeft een aanvullende beveiligingsvoorziening;;;;;;;;;;
Keren;;;keren is het vertrekken van een trein in tegengestelde richting ten opzichte van zijn aankomst op de eindbestemming met hetzelfde materieel onder een ander treinnummer.;;;;trein, materieel, treinnummer, terugzetten, kopmaken;Zie ook terugzetten en kopmaken;;;;;;;;;;
Kilometrering;;;Een kilometrering is een denkbeeldig lint dat de topografische contouren van de spoorbaan in lengte-richting volgt en waarop, met behulp van zgn. hectometerpaaltjes nabij het spoor, een plaats markering middels een lengtemaat is aangebracht.;;;;spoorbaan, spoor;Zie ook: https://otl.prorail.nl/otl/vigerend/Kilometrering;;;;;;;;;;
Klant;;;Een klant is een persoon of instantie die een product afneemt van ProRail.;;;;product;"Van Dale:
1.	iem. die van de diensten van een handelaar, vakman enz. gebruik wenst te maken => cliënt 
2.	[inf.] persoon, kerel => man
Hier vanuit ProRail toegepast in de variant 1.
Merk op: de reiziger is geen klant van ProRail, maar een vervoerder die een gereserveerd slot op de rail-infrastructuur afneemt wel. In die zin is ProRail in de rol van infrabeheerder (Assetmanagement) ook klant van ProRail (Vervoer en Dienstregeling).";;;;;;;;;;
Klein onderhoud;;;klein onderhoud (KO) omvat de proactieve onderhoudsactiviteiten, vervanging van componenten, ei-gendomsbeheer, functionaliteitsinspecties en service.;;;;veilig, railinfrastructuur;Deze activiteiten zijn nodig om het veilig functioneren van de railinfrastructuur te handhaven.;;;;;;;;;;
Knooppunt;;;Een knooppunt is een dienstregelpunt of een verzameling (naburige) dienstregelpunten die een rol spelen bij de processen van treindienst.;;dienstregelpunt;infraknooppunt, materieelknooppunt, personeelknooppunt;dienstregelpunt, treindienst;"Er zijn drie soorten knooppunten:
•	infraknooppunt:	 proces = planning, verdeling en vrijgeven van infra;
•	materieelknooppunt:	 proces = planning en uitvoering van materieelbehandelingen en range-ren;
•	personeelknooppunt:	 proces = planning en besturing van de personeelsdiensten.";;;;;;;;;;
Knooppuntrelatie;;;Een knooppuntrelatie is een relatie tussen twee bewegingsactiviteiten van verschillende bewegingen die plaatsvinden in hetzelfde infraknooppunt. ;;;reizigersaansluiting, bewegingmaterieelrelatie;bewegingsactiviteit, infraknooppunt, reizigersaansluiting, bewegingmaterieelrelatie;"Er worden 2 typen knooppuntrelatie onderscheiden:
•	reizigersaansluiting;
•	bewegingmaterieelrelatie. ";;;;;;;;;;
Knooppuntstation;;;Een knooppuntstation is een combinatie van een station en een infraknooppunt.;;station;;station, infraknooppunt;;;;;;;;;;;
Kopmaken;;;kopmaken is het vertrekken van een trein in tegengestelde richting ten opzichte van zijn aankomst, niet zijnde de eindbestemming, met hetzelfde materieel onder een hetzelfde treinnummer.;;;;trein, materieel, treinnummer, terugzetten, keren;Zie ook terugzetten en keren;;;;;;;;;;
Koppelen;;;koppelen is het fysiek verbinden van twee spoorvoertuigen.;;;;spoorvoertuig, combineren, bijplaatsen;;;;;;;;;;;
Koppeling;;;Een koppeling is het mechanisch verbindingsstuk tussen twee spoorvoertuigen.;;;;spoorvoertuig, materieel;Deze definitie is sterk gebonden aan het rijdend materieel binnen de spoorbranche.;;;;;;;;;;
Kopspoor;;;Een kopspoor is een spoor dat aan één eind begrensd is met een stootjuk.;;spoor;;spoor, stootjuk;;;;;;;;;;;
KPI;;;Een kpi (Key Performance Indicator of Kritische prestatie indicator) is een ratio tussen ambitie en realisa-tie van een te leveren prestatie.;;;;;"Het is een managementinstrument
Een kpi wordt uitgedrukt in een of meer meetbare, onderling gerelateerde variabelen. ";"Bijvoorbeeld:
In 2010: 54% van de reizigers moeten een rapportcijfer van 7 of hoger geven.";;;;;;;;;
Krachtvoertuig;;;Een krachtvoertuig is een spoorvoertuig met tractie.;;spoorvoertuig;;spoorvoertuig, tractie, tractievorm;Multiple geschakelde krachtvoertuigen worden beschouwd als één krachtvoertuig c.q. één tractievorm.;;;;;;;;;;
Kruis;;;Twee sporen die elkaar kruisen zonder mogelijkheid voor een trein om van het ene spoor naar het ande-re te wisselen. ;;;;trein, spoor;"Het Fout! Verwijzingsbron niet gevonden. waarin dit het geval is, wordt ook wel aangeduid als “kruis”.

Zie ook: https://otl.prorail.nl/otl/vigerend/Kruising";;;;;;;;;;
Kruisen;;;kruisen is het passeren van twee elkaar tegemoet rijdende treinen op één spoor, dat plaatsvindt doordat één van beide treinen gebruikmaakt van een ter plekke beschikbaar nevenspoor.;;;;trein, spoor;;;;;;;;;;;
Kruisstuk;;;Een kruisstuk is een onderdeel van het wissel nabij het puntstuk, dat het kruisen van wielen met de niet bereden spoorstaaf mogelijk maakt.;;;;wissel, puntstuk, kruisen, spoorstaaf;Zie ook: https://otl.prorail.nl/otl/vigerend/Kruisstuk;;;;;;;;;;
Kruiswissel;wisselkruis;;;;;;;Zie ook: https://otl.prorail.nl/otl/vigerend/Is-In-Kruiswissel;;;;;;;;;;
Kunstwerk;;;Een kunstwerk is een bouwconstructie in weg, water of rail.;;;;;Zie ook: https://otl.prorail.nl/otl/vigerend/Kunstwerk;Bruggen, viaducten, tunnels, sluizen.;;;;;;;;;
L/H sein;;;Een (L/H) sein is een variabel sein om goederentreinen te laten stoppen voor de neergaande helling van een tunnel of dive-under of voor de opgaande helling van een fly-over of een brug, als daar ergens, op een voor deze treinen ongunstige plaats, een stoptonend sein staat.;;sein;;sein, tunnel, trein;"Hierdoor wordt voorkomen dat de trein niet meer op eigen kracht de tunnel uit kan rijden of de fly-over kan passeren.
· L: (Langzaam rijden) snelheid verminderen tot 40 km/h
· H: (Halt) trein moet voor dit sein tot stilstand worden gebracht.

Zie ook:
•	https://otl.prorail.nl/otl/vigerend/L-Sein
•	https://otl.prorail.nl/otl/vigerend/H-Sein";;;;;;;;;;
Laadweg;;;Een laadweg is een weg langs het spoor t.b.v. het laden van een goederenwagon vanuit een wegvoer-tuig.;;weg;;spoor, goederenwagon;Komt alleen in de combinatie los- en laadwegen voor.;;;;;;;;;;
Laboratoriumtest;werkbanktest;;;;;;;;;;;;;;;;;
Landelijke Verkeersinformatie;;;landelijke verkeersinformatie is informatie over de situatie van de landelijke treindienst. ;;;;treindienst, product, verkeersleiding, openbaarvervoer;"Het gaat zowel om de actuele situatie als om aankondigingen van werkzaamheden, extra vervoer en eve-nementen. 
De informatie betreft de treinenloop, maar ook (op aangeven van de reizigervervoerder) alternatief ver-voer.
Dit kan in allerlei vormen: woordvoering, elektronische berichten, teletekst.
Een product dat hier ook onder valt, alhoewel het niet precies de definitie dekt: de informatie die Pro-Rail/verkeersleiding voor openbaar vervoer Reizigers op teletekst zet.";;;;;;;;;;
Las;spoorstaafverbinding;;Een las, of spoorstaafverbinding, is een object waarmee een verbinding tussen twee spoorstaven wordt gemaakt.;;;;spoorstaaf;"Soorten lassen zijn:
•	afbrand stuiklas (Stationair, Mobiel);
•	aluminothermische las;
•	bekist las;
•	elektrische scheidingslas (Lijmlas, Geconstrueerde ES-las);
•	geleidende las;
•	herstel las (Oplassen);
•	plaat las.
 (N.B.: compensatielas is geen las-type.)";;;;;;;;;;
Leidingonderbreker;;;Een leidingonderbreker is een groepenscheiding, gemonteerd in een rijdraad, die bij elke treinpassage met baanvaksnelheid of minder en niet gestreken stroomafnemer gepasseerd kan worden terwijl het krachtvoertuig tractiestroom vraagt.;;;;rijdraad, baanvaksnelheid, stroomafnemer, krachtvoertuig;;;;;;;;;;;
Leider werkplekbeveiliging;;;Een leider werkplekbeveiliging (LWB) is een door of namens AM aangewezen persoon onder wiens fei-telijke toezicht werkzaamheden in een Buitendienstgesteld gebied plaatsvinden.;;;;buitendienstgesteld gebied;;;;;;;;;;;
Letsel;;;letsel is een verwonding, een kwetsuur.;Van Dale;;;;Referentie v Dale;;;;;;;;;;
Lichtsein;;;"Een lichtsein is een vast sein dat groen, geel, rood of wit licht kan uitstralen;";;sein;;sein;Zie ook: https://otl.prorail.nl/otl/vigerend/Lichtsein;;;;;;;;;;
Lightrail;;;lightrail is een verzamelnaam voor snel en frequent railtransport met licht materieel, zoals tram, metro en lichtere treintypen, als alternatief voor treinverbindingen in en tussen grote agglomeraties.;;;;materieel;"Ref. Van Dale
lichtere treintypen, ";;;;;;;;;;
Lijnbedrijf;;;Een lijnbedrijf zijn de rijrichtingen op een viersporig baanvak volgens het principe ‘heen-terug-heen-terug’.;;;;richtingbedrijf;"
Zie ook richtingbedrijf ";Afbeelding;;;;;;;;;
Lijnsnelheid;baanvaksnelheid;;lijnsnelheid is een tsi term voor baanvaksnelheid.;TSI;;;baanvaksnelheid;;;;;;;;;;;
Locomotief;;;Een locomotief is een krachtvoertuig, bestemd om andere railvoertuigen zonder tractie voort te bewegen.;;krachtvoertuig;;krachtvoertuig, tractie;;;;;;;;;;;
Lokaal voorschrift;;;Een lokaal voorschrift is een voorschrift met een lokale strekking met betrekking tot veiligheid, opzich-terstaak en capaciteit.;;;;veiligheid, capaciteit;;;;;;;;;;;
Losspoor;;;Een losspoor is een spoor langs de los- en laadweg.;;spoor;;spoor;;;;;;;;;;;
Losweg;;;"Een losweg is een weg langs het spoor t.b.v. het lossen van een goederenwagon op of in een wegvoer-tuig.
";;weg;;spoor, goederenwagon;Komt alleen in de combinatie los- en laadwegen voor.;;;;;;;;;;
Luchtbrug;traverse;;;;;;;;;;;;;;;;;
Machinist;;;Een machinist is een bestuurder van een locomotief of treinstel bij het uitvoeren van een beweging.;;;;locomotief, treinstel, beweging;"Van Dale:
1.	bestuurder van een locomotief, trein
2.	iem. die machines op schepen bedient en onderhoudt 
3.	iem. die zorgt voor de verlichting, het plaatsen van toneelschermen enz.
Hier variant 1 met aanscherping";;;;;;;;;;
Macro topologie;;;De macro topologie is de weergave van het netwerk van de railinfrastructuur op het niveau van dienstre-gelpunten (stations, haltes, aansluitingen, bruggen etc.) en de vrije banen.;;;;vrije baan, railinfrastructuur, dienstregelpunt;" Hierin fungeren de dienst-regelpunten als knopen en de vrije banen als de takken.

Hierin is een extra verfijning aan te brengen door de takken (hier de vrije banen) nader te preciseren tot de afzonderlijke vrijebaansporen. Dit wordt ook wel “meso-topologie” genoemd. Deze verfijning is voor sommige plannings- en capaciteitsverdelingsfuncties nuttig wegens het iets verhoogde detailniveau, ter voorkoming van conflictsituaties.
Zie ook de definitie van ""vrije baan"".";;;;;;;;;;
Magneetrem;;;Een magneetrem is een rem die toegepast wordt bij spoorvoertuigen. ;;;;trein, blok, spoor, spoorstaaf;Bij de mechanische wrijving zakt er vanuit de trein een blok met permanente (PMg) of elektromagneten (EMg) op het spoor, waardoor de magneetrem zichzelf krachtig tegen de spoorstaaf trekt. Door de wrij-ving die dit veroorzaakt remt de trein af. Omdat een magneetrem de rails kan beschadigen, wordt de magneetrem alleen gebruikt als bij PMg. Trams zijn (vrijwel) altijd voorzien van magneetremmen;"Er bestaan drie varianten:
•	magneetrem die door mechanische wrijving op het spoor remt;
•	Wervelstroommagneetrem (mag op het Nederlandse railnet niet toegepast worden.).
•	Recuperatierem (eddy current braking systems)";;;;;;;;;
Materieel;;;materieel is het productiemiddel in het railvervoersproces in de vorm van een verzameling spoorvoer-tuigen.;;;;spoorvoertuig, materieeleenheid, materieelsoort, materieeltype;"Van Dale:
1.	wat nodig is aan gereedschappen, machines enz. voor werk of bedrijf => outillage
2.	betrekking hebbend op materiaal of materialen 
3.	feitelijk, werkelijk
materieel is hier enigszins in de trant van variant 1, maar dan het collectief van spoorvoertuigen dat het wagenpark bepaalt.

materieel wordt gerubriceerd in soorten en binnen soorten nog weer in types.
Per rubriek zijn aantallen bekend en overige gebruikskenmerken. Zie ook materieeleenheid, materieel-soort en materieeltype.";;;;;;;;;;
Materieelactiviteit;;;Een materieelactiviteit is een al dan niet trein-gebonden activiteit die door een diensteenheid met een bepaald materieeltype op een bepaald traject (van- en naar-dienstregelpunt) of binnen een bepaald dienstregelpunt (= lokale materieelactiviteit) binnen een geplande tijdspanne moet worden uitgevoerd.;;;;trein, diensteenheid, materieeltype, traject, dienstregelpunt, dienstgroep, geldigheid, verkeersleiding;"Voor treingebonden materieelactiviteiten geldt dat er een treinactiviteit bestaat waar de materieelactiviteit start en er een treinactiviteit bestaat waar de materieelactiviteit stopt. 

Een materieelactiviteit wordt uniek geïdentificeerd door de materieeldienst en de volgorde van de materi-eelactiviteit binnen deze materieeldienst. Het daadwerkelijke geplande uitvoeringsmoment van de materi-eelactiviteit wordt vastgelegd via een begin- en eindtijdstip. Voor treingebonden materieelactiviteiten geldt dat het begin- en eindtijdstip moeten overeenkomen met de tijdstippen van de corresponderende treinactiviteiten.

Een materieelactiviteit is gebaseerd op een materieeldienst en doorloopt (normaliter) in het proces van planning tot uitvoering dan ook de fasen die bij een materieeldienst worden onderkend.";"
<table border=""1"" cellspacing=""0"" cellpadding=""4"">
  <caption><em>Unieke identificatie:<br>
  Identificatie materieelactiviteiten per VPT-deelsysteem</em></caption>

  <thead>
    <tr>
      <th></th>
      <th>dienstgroep</th>
      <th>Dnstgrp volgnr</th>
      <th>Weekgeldigheid</th>
      <th>Mat. act volgnr</th>
      <th></th>
      <th></th>
    </tr>
  </thead>

  <tbody>

    <!-- Jaarplan -->
    <tr>
      <td>Jaarplan</td>
      <td>#dienstgroep</a></td>
      <td>Dnstgrp volgnr</td>
      <td>Weekgeldigheid</td>
      <td>Mat. act volgnr</td>
      <td></td>
      <td></td>
    </tr>

    <!-- Dagplan -->
    <tr>
      <td>Dagplan</td>
      <td><dienstgroep</a></td>
      <td>Dnstgrp volgnr</td>
      <td>Weekgeldigheid</td>
      <td>Mat. act volgnr</td>
      <td></td>
      <td></td>
    </tr>

    <!-- Lokaal Plan Productdeel -->
    <tr>
      <td>Lokaal Plan Productdeel</td>
      <td>#dienstgroep</a></td>
      <td>Dnstgrp volgnr</td>
      <td>Aanvang-kalenderjaar</td>
      <td>Aanvangweek</td>
      <td>Aanvang-geldigheid</td>
      <td>Mat. act volgnr</td>
    </tr>

    <!-- Lokaal Plan Procesdeel -->
    <tr>
      <td>Lokaal Plan Procesdeel</td>
      <td><aienstgroep</a></td>
      <td>Dnstgrp volgnr</td>
      <td>Datum</td>
      <td>Mat. act volgnr</td>
      <td>Lokaal volgnr</td>
      <td></td>
    </tr>

    <!-- Verkeersleiding -->
    <tr>
      <td>verkeersleiding</td>
      <td>Dienstgroep of<br>VL-postnaam</td>
      <td>Dnstgrp volgnr</td>
      <td>Datum</td>
      <td>Mat. act volgnr</td>
      <td></td>
      <td></td>
    </tr>

    <!-- Procesleiding -->
    <tr>
      <td>Procesleiding</td>
      <td>#dienstgroep</a></td>
      <td>Dnstgrp volgnr</td>
      <td>Datum</td>
      <td>Mat. act volgnr</td>
      <td>Lokaal volgnr</td>
      <td></td>
    </tr>

  </tbody>

  <tfoot>
    <tr>
      <td colspan=""7"" style=""text-align:center;"">
        Tabel 1: identificatie materieelactiviteiten per VPT-deelsysteem
      </td>
    </tr>
  </tfoot>

</table>
<br />
Latere ontwikkelingen (na VPT) zullen de hier gepresenteerde identificaties wellicht herzien";;;;;;;;;
Materieelagenda;;;Een materieelagenda is een op elk krachtvoertuig aanwezig logboek waarin gebreken worden genoteerd;;;;krachtvoertuig;;;;;;;;;;;
Materieelgids;;;Een materieelgids is een op elk krachtvoertuig aanwezig document waarin het bedieningsvoorschrift, de storingsgids en nadere bepalingen met betrekking tot het gebruik en de inzet van het materieel zijn op-genomen.;;;;krachtvoertuig, materieel;;;;;;;;;;;
Materieelbekendheid;;;materieelbekendheid is de kennis, volgens, in overeenstemming met de door de spoorwegmaatschappij gestelde norm, die een machinist moet hebben van de bediening van een bepaald soort materieel voor-dat hij er mee mag rijden.;;;;norm, machinist, materieel;;;;;;;;;;;
Materieelclaim;;;Een materieelclaim is een geplande inzet van een materieeleenheid voor een materieelwerkzaamheid.;;;;materieelwerkzaamheid, materieeleenheid, diensteenheid, materieelactiviteit, infrareservering;"De materieeleenheid wordt hier aangeduid via de identificatie van een diensteenheid.
Een claim is (modelmatig) op te vatten als een niet-treingebonden materieelactiviteit met een afwijkende karakterisering qua kenmerken.
Vergelijk ook met infrareservering: de administratieve onttrekking van een productiemiddel ter voorko-ming van inzet op gangbare doelen.";;;;;;;;;;
Materieeldienst;;;Een materieeldienst is een verzameling opeenvolgende materieelactiviteiten uit te voeren door één diensteenheid volgens een gepland tijdschema.;;;;diensteenheid, materieeldienst, geldigheid;"Een materieeldienst doorloopt (normaliter) in het proces van planning tot uitvoering een tweetal fasen:
1.	patroonplan-materieeldienst (PP-materieeldienst) wordt uniek geïdentificeerd door de dienst-eenheid die gepland is om de dienst uit te voeren en de weekgeldigheid. De geldigheid van een materieeldienst wordt op een standaard weekbasis d.m.v. een weekgeldigheid vastgelegd. Voor PP-materieeldiensten geldt dat ze op meer dagen van de week geldig kunnen zijn;
2.	concreetplan-materieeldienst (CP-materieeldienst) wordt uniek geïdentificeerd door de dienst-eenheid die gepland is om de dienst uit te voeren en de concrete datum.";;;;;;;;;;
Materieeldienstovergang;dienstovergang;;Een materieeldienstovergang is de overgang van een materieeldienst op een bepaalde patroon/concrete dag op een andere materieeldienst op een volgende patroon/concrete dag.;;;;materieeldienst, materieeltype, dienstgroep;;diensteenheid OH1 op maandag gaat over op diensteenheid OH 2 op dinsdag.;;;;;;;;;
Materieeleenheid;spoorvoertuig;;;;;;;;;;;;;;;;;
Materieelknooppunt;;;Een materieelknooppunt is een knooppunt voor de materieelplanning waarbinnen mat-behandelingen en rangeerbewegingen mogelijk zijn.;;knooppunt;;knooppunt, vrije baan, rangeerbeweging;Een materieelknooppunt bestaat uit een aaneengesloten verzameling dienstregelings-primaire gebieden die normaal gesproken alleen dienstregelpunten bevat, en in uitzonderingsgevallen een enkele vrije baan. Een materieelknooppunt kan ook worden beschouwd als een voorraadgebied.;;;;;;;;;;
Materieelplan;;;Een materieelplan is een gegevensverzameling waarin het materieelgebruik, de materieeldienstovergan-gen en materieelvoorraden bij een gegeven dienstregeling/infraplan is vastgelegd. ;;;;;;;;;;;;;;;
Materieelsoort;;;Een materieelsoort is de samenbindende karakterisering van materieel met overeenkomstige kenmerken voor wat betreft aandrijving en koppelbaarheid. ;;;;materieel;;;;;;;;;;;
Materieel-spooruitsluiting;;;materieel-spooruitsluiting geeft aan dat een bepaald materieelsoort niet mag worden toegelaten op een bij name genoemd spoor.;;;;materieel, spoor;;;;;;;;;;;
Materieeltype;;;Een materieeltype is een nadere typering van een materieelsoort via een typeaanduiding. ;;materieelsoort;;materieelsoort, materieeleenheid;Hiermee kan een fysieke materieeleenheid voor planningsdoeleinden eenduidig worden getypeerd.;Van een materieelsoort kunnen verschillende typen voorkomen, bv. van materieelsoort ICM met type-aanduiding 3 of 4, duidend op koplopers bestaande uit 3 of 4 bakken. ;;;;;;;;;
Materieelwerkzaamheid;;;Een materieelwerkzaamheid is een aanduiding waarmee het karakter van een niet-treingebonden materi-eelactiviteit of behandelactiviteit getypeerd kan worden.;;;;materieelactiviteit;;Voorbeelden van materieelwerkzaamheden zijn tanken, reinigen, wassen etc.;;;;;;;;;
Materieel-wisseluitsluiting;;;Materieel-wisseluitsluiting geeft aan dat een bepaald materieelsoort niet mag worden toegelaten op een bij name genoemd wissel bij een bepaalde wisselstand.;;;;materieelsoort, wissel;;;;;;;;;;;
Medewerker;personeelslid;;Een medewerker is een werknemer van een organisatie eenheid.;;;;eenheid;;;;;;;;;;;
Meerdelig wissel;;;Een meerdelig wissel is een wissel met een beweegbaar puntstuk of beweegbaar kruis.;;;;puntstuk, kruis, eendelig wissel;De complementaire variant is een eendelig wissel.;;;;;;;;;;
Meersporig baanvak;;;Een meersporig baanvak is een baanvak met meer dan twee parallelle hoofdsporen.;;baanvak;;baanvak, enkelsporig baanvak, dubbelsporig baanvak;"Zie ook: enkelsporig baanvak
Zie ook: dubbelsporig baanvak";;;;;;;;;;
Meetpunt;;;Een meetpunt is een locatie op het spoor waar de passage van een trein of rangeerdeel kan worden ge-detecteerd.;;;;spoor, trein, rangeerdeel;;;;;;;;;;;
Meetpunt;;EV;Een meetpunt is een punt in het TEV-systeem waar sensoren zijn aangebracht of waar op reguliere tijd-stippen metingen verricht worden.;;;;systeem;;;;;;;;;;;
Micro topologie;;;micro topologie is de weergave van het netwerk van de railinfrastructuur op basis van de (ijzeren) rail-verbindingen tussen wissels onderling en tussen wissels en stootjukken c.q. en terra incognita’s.;;;;railinfrastructuur, wissel, stoojuk, rails;Hierbij zijn de wissels, stootjukken en terra incognita’s de knopen en de tussenliggende rails zijn de takken van het netwerk.;;;;;;;;;;
Milieu;;;milieu is het geheel van uitwendige omstandigheden die van invloed zijn op de leefomstandigheden, het welzijn van de planten, dieren en mensen in een gebied of in het algemeen, zoals de toestand van de atmosfeer, van het water, van de bodem, overheersende geluiden (lawaai) enz.;Van Dale;;;;Referentie Van Dale;;;;;;;;;;
Milieueffectrapport;;;"milieueffectrapport (MER) is een openbaar document waarin van voorgenomen activiteit en de redelij-kerwijs in beschouwing te nemen alternatieven de te verwachten gevolgen voor het milieu in hun onder-linge samenhang op systematische en zo objectief mogelijke wijze worden beschreven; wordt opgesteld ten behoeve van één of meer besluiten die over de betreffende activiteit genomen moeten worden. ";;;;milieu;;;;;;;;;;;
Minuskabel;;;Een minuskabel is een geleider verbonden met de negatieve zijde van de tractie-gelijkrichter.;;;;tractie, gelijkrichter;;;;;;;;;;;
Minuskast;;;Een minuskast is een kast nabij het spoor, waarin de minuskabels naar de sporen, naar het onderstation of zinker met elkaar worden verbonden.;;kast;;spoor, minuskabel, zinker;;;;;;;;;;;
Modal split;;;modal split is de verhouding van het aantal reizigerskilometers of aantal tonkilometers tussen de ver-schillende modaliteiten.;;;;modaliteit;;;;;;;;;;;
Modaliteit;;;modaliteit is de wijze van vervoer.;;;;vervoer;;Weg, rail, binnenvaart, kustvaart, zeevaart, luchtvaart en vervoer per pijpleiding.;;;;;;;;;
Monitor;;;"Een monitor is iemand, die toezicht houdt; waarnemer";Van Dale;;;;Referentie Van Dale;;;;;;;;;;
Nachturen;;;nachturen zijn de uren op maandag tot en met vrijdag tussen 18:00 en 7:00 van de volgende kalender-dag, tenzij overruled door feestdagen waarvoor weekenduren gelden.;;;;normale uren, weekenduren;Zie ook normale uren en weekenduren.;;;;;;;;;;
Natuurbrug;ecoduct;;;;;;;;;;;;;;;;;
Netverklaring;;;De netverklaring bevat informatie over de aard en het gebruik van de hoofdspoorweg-infrastructuur, en ook over de toegangsvoorwaarden, de diensten en de tarieven.;;;;hoofdspoorweg, infrastructuur, toegangsovereenkomst;De netverklaring is aldus civielrechtelijk gezien het aanbod van ProRail, waarvan aanvaarding plaats-vindt in de toegangsovereenkomst(en).;;;;;;;;;;
Netwerkconfiguratie;macro topologie;;;;;;;;;;;;;;;;;
Netwerkverkeersleiding;;;"Organisatie van mensen en systemen, die gericht is op het:
•	toedelen en verdelen van railinfracapaciteit in de operationele fase;
•	verstrekken van informatie van deze toedeling;
•	evalueren van de afhandeling van verstoring.";;;;systeem, mens, railinfracapaciteit, verstoring;;;;;;;;;;;
Niet benaamd infraobject;;;Een niet benaamd infraobject is een infraobject, dat geen fysieke objectnaam heeft.;;infraobject;;infraobject;;;;;;;;;;;
Niet-beweging;;;Een Niet-beweging is een verzamelnaam voor vrijgave opstelspoor, vrijgave gebied en infra-onttrekking.;;;;opstelspoor, infraontrekking, infradeel, beweging, trein;"Een kenmerk is dat infradelen gedurende langere tijd bezet zijn. Dit in tegenstelling tot een beweging waarbij
de bezetting gedurende de tijd is, waarop een trein van het ene naar het andere infradeel rijdt. ";;;;;;;;;;
Niet centraal bediend gebied;;;Een Niet centraal bediend gebied (NCBG) is een gebied op het spoorwegnet dat bestaat uit één of meerdere emplacementen, waar de bediening van infra-elementen lokaal plaatsvindt.;;;;spoorwegnet, emplacement, infra, infrastructuur, treindienstleider;In dit gebied bevindt zich minimaal één wissel. Toestemming tot het gebruik van infrastructuur wordt mondeling gegeven door de verantwoordelijk treindienstleider.;;;;;;;;;;
Noodrem;;;Een noodrem is een installatie waarmee een inzittende van een trein de rem van het spoorvoertuig in werking kan stellen.;;installatie;;trein, spoorvoertuig;;;;;;;;;;;
Noodremonderbreking;;;Een noodremonderbreking is een voorziening op sommige materieelsoorten, waarmee de machinist de activering van de noodrem kan onderbreken;;;;noodrem, machinist, materieelsoort;;;;;;;;;;;
Norm;;;Een norm is de toestand die voor een categorie van personen of zaken de gewone is of waarnaar zij zich kunnen of moeten richten.;Van Dale;;;;Referentie Van Dale;;;;;;;;;;
Normale uren;;;normale uren zijn de uren van maandag tot en met vrijdag tussen 07.00 uur en 18.00 uur, en ook de daaraan aansluitende overuren van het voor 18.00 uur aanwezige personeel, tenzij overruled door feestdagen waarvoor weekenduren gelden.;;;;weekenduren, nachturen;Zie ook nachturen en weekenduren.;;;;;;;;;;
Objectenboom;objectenstructuur;;Een objectenboom is een ordeningsprincipe waarbij de samenstelling van objecten is weergegeven.;;;;;;;;;;;;;;;
Objectenstructuur;objectenboom;;;;;;;;;;;;;;;;;
Omgeleide trein;;;Een omgeleide trein is een trein die via één of meer andere dienstregelpunten dan gepland het eindstation zal bereiken.;;trein;;trein, eindstation, dienstregelpunt;;;;;;;;;;;
Omgrenzingprofiel;profiel van vrije ruimte;;;;;;;;;;;;;;;;;
Omleidingstraject;;;Een omleidingstraject is een alternatief traject van een patroontrein volgens, in overeenstemming met diens alternatieve uurpatroonbeweging.;;traject;;traject, uurpatroonbeweging, trein, treinserie, dienstregelpunt;"In VKL wordt een omleidingstraject uniek geïdentificeerd door een begin-, eind- dienstregelpunt en een via-aanduiding. De via-aanduiding is noodzakelijk omdat een omleiding weleens via verschillende dienstregelpunten is af te leggen. Voorbeelden trajecten: Asd-Ledn via Haarlem, Asd-Ledn via Schiphol. Bij een omleidingstraject is de volgorde van alle opeenvolgende dienstregelpunten vastgelegd. 
Bij een omleiding hoort een omleidingsplan (zie ook alternatieve uurpatroonbeweging) in de vorm van treinactiviteiten voor een individuele trein of treinserie. Indien er voor een trein zowel een individueel omleidingsplan als wel een omleidingsplan voor de treinserie waartoe hij behoort bestaat, dan wordt omgeleid volgens het omleidingsplan van de individuele trein.";;;;;;;;;;
Onderbord;;;Een onderbord is een bord toegevoegd aan een sein of bord.;;bord;;bord, sein;;"P-sein: lichtsein voorzien van een onderbord met het opschrift ‘P’;";;;;;;;;;
Onderbouw;;;De onderbouw is het geheel van aardenbaan en kunstwerken.;;;;kunstwerk, aardenbaan, bovenbouw;Dit is de dragende constructie voor de bovenbouw.;;;;;;;;;;
Onderdoorgang;;;weg onder een andere weg, een spoorbaan e.d. door. ;Van Dale;;;spoorbaan;"De ""andere weg"" kan ook een waterweg zijn; dan is sprake van een aquaduct.

Zie ook: https://otl.prorail.nl/otl/vigerend/Onderdoorgang";;;;;;;;;;
Onderhoudsmanagement;;;onderhoudsmanagement is het deel van het instandhoudingsmanagement dat gericht is op het beheer-sen van het kleinschalig onderhoud (KO).;;;;instandhoudingsmanagement, kleinschalig onderhoud;;;;;;;;;;;
Onderhoudsproces;;;Het onderhoudsproces van de infrastructuur omvat inspectie, preventief onderhoud, correctief onder-houd, vervangen en vernieuwen.;;;;infrastructuur, inspectie, preventief onderhoud, correctief onderhoud;;;;;;;;;;;
Onregelmatigheid;;;"Een bijzonder voorval met de volgende impact op het treinverkeer of de veiligheid:
•	één of meer verstoringen; waarvoor moet gelden:
•	er is nog wel treinverkeer mogelijk;
en
•	er is geen sprake van opheffing van (een gedeelte van) een treinserie;
en
•	de vertraging is kleiner dan 5 minuten en groter of gelijk aan 2 minuten of de vertraging is gro-ter of gelijk aan 5 minuten met een verwacht tijdsbestek van de effecten op de treindienst klei-ner dan 30 minuten;
of
•	de veiligheid is in het gedrang gebracht (door een trein door Stop Tonend sein, bijna aanrijding of bijna botsing enz.);
en
•	geen direct letsel aan mens en dier of schade aan milieu of goederen;";;bijzonder voorval;;bijzonder voorval, treinverkeer, treinserie, vertraging, treindienst, sein, botsing, letsel, milieu, verstroing, veiligheid;(Zie ook de beslisboom bij de definitie van bijzonder voorval.);;;;;;;;;;
Ontkoppelen;;;ontkoppelen is het vrijmaken van een getroffen gebied door treinen die over dit traject gepland staan, op de ontkoppelpunten te keren, af te rangeren of om te leiden.;;;;trein, traject, keren, rangeren, versperringsmaatregel;ontkoppelen gebeurt in de overgang tussen de versperring en het ingaan van de gekozen versperringsmaatregel.;;;;;;;;;;
Ontsporinggeleider;;;Een ontsporinggeleider is een bijzonder soort wissel voor het gecontroleerd ontsporen van bewegende spoorvoertuigen.;;wissel;;wissel, spoorvoertuig;Zie ook: https://otl.prorail.nl/otl/vigerend/Ontspoorinrichting;;;;;;;;;;
Ontspoortong;;;Een ontspoortong is een wisseltong van een ontsporinggeleider.;;wisseltong;;wisseltong, ontsporingsgeleider;Zie ook: https://otl.prorail.nl/otl/vigerend/Ontspoortong;;;;;;;;;;
Ontwerp tracébesluit;;;ontwerp tracébesluit (OTB) is het voorkeursalternatief voor een tracé, na de Trajectnota/MER, in groter detail uitgewerkt.;;;;milieueffectrapport, verkeer, milieu;Het OTB wordt opgesteld door de ministers van verkeer en Waterstaat en Volkshuisvesting, Ruimtelijke Ordening en milieu.;;;;;;;;;;
Open (af)spaninrichting;;;Een open afspaninrichting (OSI) is een afspaninrichting met zowel een mechanische functie als een elektrisch functie voor het scheiden van twee groepen (zowel bij gelijk- als wisselstroom) of het scheiden van twee fasen (bij wisselspanning).;;afspaninrichting;;afspaninrichting;Zie ook: https://otl.prorail.nl/otl/vigerend/Afspaninrichting;;;;;;;;;;
Open bak;;;Een open bak is een onderdeel van een tunnel, zonder dak, daar waar een tunnel wordt in- of uitgereden.;;;;tunnel;;;;;;;;;;;
Openbaar vervoer;;;openbaar vervoer is het voor eenieder openstaand personenvervoer -in veel gevallen volgens een dienstregeling met een auto, boot, bus of een via een geleidesysteem voortbewogen voertuig (trein, me-tro, tram, maglev).;;;;dienstregeling, systeem, voertuig, trein;"Van Dale:
openbaar: 
1.	algemeen bekend => notoir, publiek, publiekelijk 
2.	voor iedereen toegankelijk => algemeen, publiek; 
3.	van de overheid uitgaande => publiek
vervoer:
1.	overbrenging, transport
Hier dus transport volgens variant 2 van “openbaar”";;;;;;;;;;
Openbare spoorweg;;;Een openbare spoorweg is het voor elke spoorwegonderneming toegankelijke spoorweg.;;spoorweg;;spoorwegonderneming, spoorweg;;;;;;;;;;;
Opertaioneel Besturingscentrum Infrastructuur;;;Het Operationeel Besturingscentrum infrastructuur (OBI) is de centrale afdeling waar de bovenleiding wordt bediend, infraobjecten worden gemonitord, en de PCA’s worden aangestuurd om storingen aan infraobjecten te verhelpen.;;;;infrastructuur, bovenleiding, infraobject, storing;;;;;;;;;;;
Operationele Zenuw;;;De besturing van de treindienst is gediend met een zo grote mogelijke slagkracht. De zogeheten Officie-ren van Dienst binnen VerkeersManagement (VM) samen met de OvD-incident (OvD-I) en OvD-asset (OVD-A) vormen samen de zgn. operationele zenuw.;;;;treindienst, incident, asset;"Deze rollen worden onderkend:
-	OvD-Spoor (OvD-S)
-	OvD-Asset (OVD-A)
-	OvD-Incident (OvD-I)
-	OvD-Verkeersleidingspost (OvD-V)
-	OVD-Rail (OVD-R)";;;;;;;;;;
Opstartplan;;;Het opstartplan is een verkeersplan om de treindienst na een calamiteit weer op te starten, d.w.z. terug te brengen tot de normale treindienst.;;verkeersplan;;verkeersplan, treindienst, calamiteit;;;;;;;;;;;
Opstelcapaciteit;;;opstelcapaciteit is de infracapaciteit van een opstelterrein, zijnde het totaal van nuttige spoorlengte.;;infracapaciteit;;infracapaciteit, opstelterrein;;;;;;;;;;;
Opstellen;;;opstellen is het tijdelijk laten staan van materieel dat tijdens die stilstand niet opgenomen is in de dienstregeling en geen rangeerbewegingen uitvoert.;;;;dienstregeling, rangeerbeweging, materieel;"Van Dale: 
opstellen:
1. op zijn plaats zetten 
2. (een plan, theorie) ontwerpen
3. op schrift zetten

Hier van toepassing volgens, in overeenstemming met variant 1";;;;;;;;;;
Opstelspoor;;;Een opstelspoor is een spoor bedoeld voor het opstellen van materieel.;;spoor;;spoor, opstellen, materieel;;;;;;;;;;;
Opstelterrein;;;Een opstelterrein is een emplacement of deel van een emplacement bestaande uit één of meer opstelsporen.;;emplacement;;opstelspoor, emplacement,;;;;;;;;;;;
Opzichter;;;Een opzichter is een toezichthouder die in het walproces verantwoordelijk is voor de veilige verkeersregeling in het hem toegewezen gebied, waarin zich geen centraal bediende beveiliging bevindt.;;;;walproces, beveiliging;;;;;;;;;;;
Order;;;Een aanvraag, een wijziging of opheffing van een capaciteitseenheid;;;;;;;;;;;;;;;
Order bijzonder voorval;;;Een tijdige aanvraag voor een planmutatie van treinen en/of rangeerbewegingen door vervoerder ingeval van een bijzonder voorval, hoe hij het bijzonder voorval in afwijking van een eventuele afhandelingsafspraak wil afhandelen,;;order;;bijzonder voorval, afhandelingsafspraak, vervoerder;"Tijdig d.w.z. voordat een eventuele afhandelingsafspraak wordt toegepast.
Als er in een enkel geval geen afhandelingsafspraak is, dan nog kan de vervoerder deze order indienen.";;;;;;;;;;
Order buitendienststelling;;;Een aanvraag door de infrabeheerder voor inleggen, verwijderen of wijzigingen van een Buitendienstgesteld gebied;;order;;buitendienststelling, infrabeheerder;;;;;;;;;;;
Order normale treindienst;;;"Een order normale treindienst is een aanvraag voor een planmutatie van treinen en/of rangeerbewegingen door een vervoerder in situatie van normale treindienst.
";;order;;treindienst, vervoerder;;;;;;;;;;;
Overlay Track Circuit;OTC;;Een separate spoorstroomloop  welke actief is tot ca. 20m rond het puntstuk van het betreffende wissel en die dient om, bij kortsluiting, het stellermechaniek handmatig te ontgrendelen.;;spoorstroomloop;;puntstuk;Zie ook: https://otl.prorail.nl/otl/vigerend/Overlay-Track-Circuit;;;;;;;;;;
Overgangsconstructie;;;Een constructie die de overgang van spoor op ballast naar ballastloos spoor verzorgt.;;;;spoor;;;;;;;;;;;
Overloop;;;Een voorziening om op een vrije baan van spoor te wisselen via (minimaal 2) wissels.;;;;vrije baan, spoor, wissel;Toepassing daarvan is de Infratechnische Voorziening voor Onderhoud (IVO). De IVO wordt in de vervoers-planning gezien als een dienstregelpunt.;;;;;;;;;;
Overpad;;;Een niet openbare overweg. ;;overweg;;;"Mag alleen worden gebruikt door daarvoor geautoriseerde personen.

Zie ook: https://otl.prorail.nl/otl/vigerend/Dienstoverpad";;;;;;;;;;
Overstapnormtijd;;;De tijd in minuten, die nodig is om in een bepaald dienstregelpunt van het ene perronspoor naar het andere per-ronspoor te lopen.;;dienstregelpunt, perronspoor;;;Overstapnormtijden worden gebruikt bij de productplanning van reizigersaansluitingen. Overstapnormtijden zijn er op verschillende niveaus. Op het niveau van perronspoor naar perronspoor en het op niveau van dienstre-gelpunt (een soort default waarde, zie spoorboekje). Daar waar het niveau van perronspoor naar perronspoor ontbreekt geldt het niveau van dienstregelpunt.;;;;;;;;;;
Overweg;spoorwegovergang;;Een gebied waarin één of meer sporen een overwegpad gelijkvloers kruist.;;;;overwegpad, infraobject, spoorweg, gelijkvloerse kruising;"Van Dale: gelijkvloerse kruising tussen een verkeersweg en een spoorweg
N.B.: Inframanagement ziet een overweg als een infraobject.

Zie ook: https://otl.prorail.nl/otl/vigerend/Overweg";;spoorwegovergang;;;;;;;;
Overwegpad;overpad;;De weg of straat, waarvan het wegverkeer gebruik maakt bij het kruisen van een spoorweg.;;;;kruisen, spoorweg;"Synoniem
overpad (Van Dale):
1.	pad dat over bezittingen van een ander loopt: het recht van overpad hebben
2.	Pad dat een spoorweg kruist.

Hier dus variant 2.";;overpad;;;;;;;;
Overwegslagboom;;;Een onderdeel van de overwegpaal-AHOB waarmee de fysieke doorgang van verkeer over het overwegpad kan worden geblokkeerd. (Alleen bij ADOB, AHOB, EBO en AKI met boompjes.);;;;verkeer, overwegpad;;;;;;;;;;;
Overwegsteller;;;Een onderdeel van een overwegpaal-AHOB, waarmee de overwegslagboom wordt bediend.;;;;overwegslagboom;Zie ook: https://otl.prorail.nl/otl/vigerend/overwegsteller;;;;;;;;;;
Paal-spoorstaafconstructie;;;Een technische uitvoering van aarding met behulp van een galvanische verbinding tussen de spoorstaaf en me-talen (niet stroom voerende) delen van de railinfrastructuur.;;;;aarding, spoorstaaf, railinfrastructuur;;;;;;;;;;;
Pad;;;Een ruimte-tijd representatie van een beweging als conflictvrije invulling voor een Slot.;;;;treinpad, infracapaciteit, trein, rangeerbeweging, enkelvoudige route;"Volgens Richtlijn 2001/14/EG is een treinpad: de infracapaciteit die nodig is om een trein in een bepaald tijdvak tussen twee plaatsen te laten rijden.

Synoniem:
treinpad

Toelichting 
Anders gezegd:
De definitie volgens richtlijn 2001/14/EG is dus eigenlijk het Slot waarbinnen een trein conflictvrij zijn rit kan reali-seren.

Op dezelfde manier, maar op kleinere schaal, geldt dit ook voor een rangeerbeweging binnen een PPLG: het achtereenvolgens benutten van enkelvoudige routes in de tijd.

Zie de tekening bij de toelichting van “Slot”

Merk op: Een pad is dus, zeer afwijkend van wat bijvoorbeeld een overwegpad is of wat “van Dale” geeft, een spoors dienstregelings-/infraverdelings-begrip, waarin tijdens de planning de benutting van een traject in de tijd tot uitdrukking komt ten behoeve van een beweging.";;;;;;;;;;
Pantograaf (NT);stroomafnemer;;;;;;;;;stroomafnemer;;;;;;;;
Passerelle;traverse;;;;;;;;;traverse;;;;;;;;
Patroonbeweging;patroon;;De vastlegging van een beweging, waarvan het pad en de activiteiten nauwkeurig zijn bepaald maar waarbij de bijbehorende tijdsaanduidingen relatief worden aangegeven als het aantal minuten en seconden binnen een on-bepaald uur op een onbepaalde dag/datum;;;;pad;"N.B.:	interne berekeningen van plan- en rijtijden (in het planningsysteem) vinden plaats in seconden.
In de presentatie zoals in onderstaand voorbeeld voor gebruiksdoeleinden, wordt dit afgerond naar hele minu-ten.
";"Voorbeeld op het traject Aap – Noot – Mies - Wim
Productinformatie	infra inzet
Toelichting
Patroon:     A100		
Drglpt	Act.srt	spoor
Act-tijd	route
Bezettijd	
Aap	V	14A	.45	14a-14a	.42 - .47	stationnement + 1e vertrek incl. perronspoorbezet-ting
 	 	 	 	14a - AA	.44 - .49	Empl. route van perron naar vrije baan 	 	 	 	AA - AA	.49 - .05	vrije baan Aap --> NootNoot	D
1b	.07	AA - BA	.04 - .11	Doorkomst (non-stop passage) in Noot
 	 	 	 	BA - BA	.11 - .24	vrije baan Noot --> MiesMies	A	8	.28	BA - 8	.24 - .28	Empl. route van vrije baan naar perronMies	V	8	.30	8 - 8	.26 - .32	Stat.ment vertrek Mies incl. perronspoor bezetting 	 	 	 	8 - EB	.29 - .35	Empl. route van perron naar vrije baan 	 	 	 	EB - EB	.35 - .58	vrije baan Mies --> WimWim	A	12	.02	EB - 12	.58 - .01	Empl. route van vrije baan naar perron";;;;;;;;;
Permissief sein;;;Een automatisch lichtsein dat door een interlockingsysteem wordt aangestuurd op basis van sectie- of blok-bezettingen.;;lichtsein;;treindienstleider, sectie;"Dit Sein mag gepasseerd worden als deze stoptonend is, mits de treindienstleider hier toestemming voor geeft.

Zie ook: https://otl.prorail.nl/otl/vigerend/Is%20permissief";;;;;;;;;;
Perron;;;Een verhoging langs het spoor bij een station of halte, waar reizigers kunnen in- en uitstappen en/of goederen kunnen worden aangenomen en afgeleverd.;;;;spoor, station, halte;Zie ook: https://otl.prorail.nl/otl/vigerend/Perron;;;;;;;;;;
Perronbrug;traverse;;;;;;;;;traverse;;;;;;;;
Perronfase;;;De opdeling van een spoor langs een perron met de letters A, B of C.;;;;spoor, perron, trein;"Deze letters komen overeen met de lettertoevoeging aan de spoornummering van de perronsporen: bijvoor-beeld 2a, 2b
Hiermee kan exacter de plaats worden aangegeven waar een trein stopt.

Zie ook: https://otl.prorail.nl/otl/vigerend/Perronfase";;;;;;;;;;
Perronspoor;;;Spoor langs het perron.;;;;spoor, perron;Zie ook: https://otl.prorail.nl/otl/vigerend/Perronspoor;;;;;;;;;;
Personeelactiviteit;;;Een activiteit die door een rijdend-personeeleenheid met een bepaalde standplaats op een bepaald traject (van- en naar-dienstregelpunt) of binnen een bepaald dienstregelpunt (= lokale personeel-activiteit) binnen een geplande tijdspanne moet worden uitgevoerd. Voor treingebonden personeelactiviteiten geldt dat er een treinactiviteit bestaat waar de personeelactiviteit start en er een treinactiviteit bestaat waar de personeelactiviteit stopt.;;;;traject, dienstregelpunt, personeelactiviteit, treinactiviteit, personeeldienst;"Een personeelactiviteit wordt uniek geïdentificeerd door de personeeldienst en de volgorde van de personeel-activiteit binnen deze personeeldienst. Het daadwerkelijke geplande uitvoeringsmoment van de personeelactivi-teit wordt vastgelegd middels een begin- en eindtijdstip. Voor treingebonden personeelactiviteiten geldt dat het begin- en eindtijdstip moeten overeenkomen met de tijdstippen van de corresponderende treinactiviteiten.

Een synoniem voor niet treingebonden personeelactiviteit is personeelclaim.

Een personeelactiviteit is gebaseerd op een personeeldienst en doorloopt (normaliter) in het proces van plan-ning tot uitvoering dan ook de fasen die bij een personeeldienst worden onderkend.

Unieke identificatie:
Identificatie personeelactiviteiten per VPT-deelsysteem 
Jaarplan	Bureau-code	Dienstregel-
punt	Dienst-
nummer	Patroongeldigheid	Of-code	Pers.act volgnr	
Dagplan	Bureau-
code	Dienstregel-
punt	Dienst-
nummer	Weekgeldigheid	Of-code	Pers.act volgnr	
Lokaal Plan
Productdeel	Bureau-
code	Dienstregel-
punt	Dienst-
nummer	Aanvang-
kalenderjaar	Aanvang-week	Aanvang-
geldigheid
Pers.act volgnr
Lokaal Plan
Procesdeel	Bureau-
code	Dienstregel-
punt	Dienst-
nummer	Datum	Pers.act volgnr		
verkeersleiding
Bureau-code	Dienstregel-
punt	Dienst-
nummer	Datum	Pers.act volgnr		
 Proceslei-ding	Bureau
-code	Dienstregel-
punt	Dienst-
nummer	Datum	Pers.act volgnr		
Tabel 2: identificatie personeelactiviteiten per VPT-deelsysteem";;;;;;;;;;
Personeeldienst;;;Een verzameling opeenvolgende personeeltaken uit te voeren door één personeelplaneenheid volgens een ge-pland tijdschema. De toewijzing van een personeeldienst aan een persoon is onderdeel van het dienstrooster, en maakt daarmee geen deel uit van het personeelplan. ;;;;personeelplan;"In de planningsfase worden niet de individuele personeelsleden zelf gepland, maar het (vermoedelijk) beschik-bare aantal personeelseenheden van een bepaalde standplaats. Hiervoor hanteert men de combinatie stand-plaats en dienstnummer als logische personeelseenheid. Er zijn maximaal evenveel dienstnummers, als dat er personeelsleden van een bepaalde standplaats beschikbaar zijn. Het personeelsplan is hierdoor in grote mate onafhankelijk van de ten tijde van uitvoering feitelijke inzet van personeelsleden. Dit maakt flexibel inzetten van personeel op de dag van uitvoering mogelijk. 

Het rouleerschema van personeeldiensten over de werkdagen heen, is het dienstrooster. Bij de samenstelling hiervan wordt rekening gehouden met zaken als opleiding, vakantie, arbo wetgeving e.d. Het dienstrooster maakt geen deel uit van de centrale planningssystemen, het wordt decentraal opgesteld door de dienstindelers.

Een personeeldienst doorloopt (normaliter) in het proces van planning tot uitvoering een aantal fasen.

1.	Patroonplan-personeeldienst (PP-personeeldienst) wordt uniek geïdentificeerd door de combinatie stand-plaats en dienstnummer die gepland is om de dienst uit te voeren en de patroongeldigheid. De geldigheid van een personeelsdienst wordt voor een bepaalde periode op een standaard weekbasis d.m.v. een weekgeldigheid vastgelegd. Voor PP-personeelsdiensten geldt dat ze op meerdere dagen van de week geldig kunnen zijn. Daarnaast kunnen er, binnen een gedefinieerde patroongeldigheid, alternatieven voor een personeeldienst bestaan, zogenaamde personeeldienstvarianten. Deze personeeldienstvarianten be-staan veelal in samenhang met facultatieve treinen. Een synoniem voor personeeldienstvariant is of-dienst.
2.	Concreetplan-personeeldienst (CP-personeeldienst) wordt uniek geïdentificeerd door de combinatie standplaats en dienstnummer die gepland is om de dienst uit te voeren en de concrete datum.";;;;;;;;;;
Personeelknooppunt;;;Een dienstregelpunt of een combinatie van dienstregelpunten, waar wijzigingen in de personeelsamenstelling (personeel gaat op en van de trein) kunnen plaatsvinden.;;dienstregelpunt;;trein;;;;;;;;;;;
Personeelplan;;;Een plan waarin de inzet van rijdend personeel op typeniveau is vastgelegd bij een gegeven dienstrege-ling/infraplan in termen van diensten (werklijnen). ;;;;dienstregeling/infraplan;;;;;;;;;;;
Personeelserie;;;Een categorie binnen een personeelgroep met gelijke wegbekendheid, gelijke standplaats en gelijke materieel-bekendheid.;;;;wegbekendheid, materieelbekendheid;;;;;;;;;;;
Personeelslid;medewerker;;;;;;;;;medewerker;;;;;;;;
Plannormen;;;Normen voor de verdeling van infracapaciteit.;;;;;Denk aan o.a. rijtijden, opvolgtijden, overkruistijden, overstapnormen, stationnementtijden, normen voor roestrijden.;;;;;;;;;;
Planologische kernbeslissing;PKB;;Een beslissing en een standpuntbepaling over beleidsplannen/hoofdlijnen en beginselen van belang voor het na-tionaal ruimtelijk beleid. ;;;;;De vormen waarin PKB’s verschijnen zijn nota’s, structuurschetsen en structuurschema’s. ;;;;;;;;;;
Plaatselijke snelheid;;;De door een snelheidsbord aangegeven maximum toegestane snelheid.;;;;;;;;;;;;;;;
Planproduct;dienstregeling/infraplan;;;;;;verkeersplan;Momenteel onderkent men het oorspronkelijk/actueel verdelingsplan dat weer is opgebouwd uit het oorspronke-lijk/actueel verkeersplan en procesplan.;;dienstregeling/infraplan;;;;;;;;
Plantijd;;;De (datum)tijd(stip) waarop de uitvoering van een activiteit is gepland.;;;;;Een activiteit in deze context is een Bewegings-, Materieel-, Personeel-, of Behandelactiviteit. ;;;;;;;;;;
Planversie;;;Een opzichzelfstaande tijdgebonden verzameling plangegevens (inclusief basisgegevens), die simultaan één of meer van de drie planproduct-soorten (dienstregeling/infraplan, materieelplan en personeelplan) omvat.;;;;basisgegevens, planproduct, dienstregeling/infraplan, materieelplan, personeelsplan;;;;;;;;;;;
Post 21;;;Een verzameling van netwerkverkeersleiding- en treindienstleidingsystemen.;;;;netwerkverkeersleiding, treindienstleiding;;;;;;;;;;;
Primair procesleidingsgebied;PPLG;;Een primair gebied, dat wordt bepaald door de projectie van een afgebakende verzameling bedienbevoegdhe-den op een centraal bediend gedeelte van de railinfrastructuur.;;primair gebied;;railinfrastructuur;"De bedienbevoegdheden betreffen mogelijke rijwegopdrachten en sturingen van individuele infraobjecten.
Een dergelijke verzameling is de kleinste eenheid van gebundelde bedienbevoegdheden die aan een trein-dienstleider kan worden toegewezen.

Een PPLG wordt begrensd door ""inrijseinen"" (inrijders) vanaf vrije banen en bestaat uit een of meer hele be-diende dienstregelpunten. Ook kunnen twee PPLG's naadloos tegen elkaar aan liggen met bediende seinen als afbakening.
In geval van ertms-beveiliging wordt een Markerboard gezien als een bediend Sein.

Voor Procesleiding is een PPLG ook de verzameling alle infraobjecten, die nodig zijn voor bediening en signale-ring die gerelateerd zijn aan een verzameling bedienbevoegdheden. 

Zie ook: https://otl.prorail.nl/otl/vigerend/PPLG";;;;;;;;;;
PPLG-spoor;;;Een binnen een PPLG geldende aanduiding van een spoor. ;;;;;"Deze benaming wordt gebruikt voor de rijwegsturing, waarbinnen deze geldt als van- of naar-locatie van een rijweg. 

Toelichting 
Een PPLG-spoor is qua benaming in alle gevallen gelijk aan het overeenkomende spoor op het OBE-blad, en in veel gevallen (maar niet alle) komt de benaming ook overeen met het betreffende dienstregelpuntspoor. 

Zie ook: https://otl.prorail.nl/otl/vigerend/Spoor
";;;;;;;;;;
Prestatieregeling;;;"Een regeling inzake de wederkerige prestaties van de infrabeheerder en de spoorwegonderneming; een ver-goedingsysteem kan daarvan deel uitmaken.";;;;infrabeheerder, spoorwegonderneming;;;;;;;;;;;
Preventief onderhoud;;;Onderhoud om storingen te voorkomen. ;;;;storing;;;;;;;;;;;
Primair gebied;;;Een afgebakend deel van de railinfrastructuur volgens een bepaalde toepassings  of gebruiksdoel bij de dienst-regelingsplanning, verkeersleiding en procesleiding van de treindienst.;;;;railinfrastructuur, verkeersleiding, treindienst;;;;;;;;;;;
Principes;;;Grondregels voor alle processen van ProRail;;;;;Denk bijvoorbeeld aan: neutraliteit en transparantie;;;;;;;;;;
Procesplanrijwegen;;;Een coupure uit een ad hoc fase verdelingsplan, met de gebiedsscope van één gehele procesleidingspost.;;;;;"Een procesplanrijwegen beperkt zich qua rijweginstructies tot de scope van een procesleidingspost.
Het beschrijft op detailniveau de feitelijke benutting van de infrastructuur in tijd en plaats (zie infrainzet). 
Het plan beslaat uit instructies voor de besturing van de infradelen voor:
a.	bewegingen (trein en rangeerbeweging) en routes;
b.	buitendienstgestelde gebieden;
c.	Buitengebruik genomen gebieden;
d.	vrijgave opstelsporen;
e.	de geplande verdeling van infracapaciteit voor de Niet Centraal Bediende Gebieden (vrijgave ge-bied.)
voor alle PPLG’s binnen één procesleidingspost.

Zie bijlage 5.2: “Van patroonbeweging tot procesplan”.";;;;;;;;;;
Product;;;Hetgeen dat is voortgebracht.;;;;;;;;;;;;;;;
Product;;AM;Een model van een infraobjecttype. ;;;;;"Een product heeft een vaststaande voorgeschreven vorm 
en omvat alle gegevens waarmee het product ontwikkeld, aangeschaft/geproduceerd, geïnstalleerd, geaccep-teerd, gebruikt, onderhouden en gesloopt kan worden.";;;;;;;;;;
Product;;ICT;Een werkplek waar assets staan en waarop systemen draaien.;;;;;;;;;;;;;;;
Productbeheer;;;Het proces waarbinnen de gegevens en documenten van een product worden ontsloten en onderhouden.;;;;product;;;;;;;;;;;
Productieacceptatietest;;;Een activiteit waarbij wordt beoordeeld of het product andere onderdelen in de productieomgeving zal versto-ren. ;;;;product;;"Bij ICT wordt onderzocht of het product andere systemen hindert door een te groot deel van de beschikbare 
bronnen te gebruiken";;;;;;;;;
Productontwikkeling;;;Het proces waarin een nieuw of gewijzigd product tot stand komt.;;;;;;;;;;;;;;;
Productversie;;;Set eigenschappen van een product.;;;;;Als een eigenschap wijzigt ontstaat een nieuwe versie.;;;;;;;;;;
Proefbedrijf;;;De testperiode waarin alle noodzakelijke beproevingen van het exploitatieproces en de werking van diverse componenten van de railinfrastructuur plaatsvinden met rijdende treinen.;;;;railinfrastructuur;;;;;;;;;;;
Profiel van vrije ruimte;omzettingsprofiel;;Een vrij te houden ruimte boven en naast een spoor, waarbinnen zich geen vaste voorwerpen mogen bevinden.;;;;spoor, omgrenzingsprofiel, rode meetgebied;"Binnen Europa is een algemeen profiel van vrij ruimte afgesproken nl. PVR-GC. (toegepast op de Betuweroute en de HSL). Hiervan kan worden afgeweken mits dit veiliger is dan het algemene profiel. In Nederland wordt dit PVR-NL genoemd.
Zie ook omgrenzingsprofiel en rode meetgebied.";;omzettingsprofiel;;;;;;;;
Programma;;;Een tijdelijk geheel van samenhangende projecten en organisatorische projectactiviteiten gericht op het rea-liseren van een strategisch- of beleidsdoel.;;;;;;;;;;;;;;;
Programma van eisen;;;Een verzameling eisen en wensen met betrekking tot een systeem.;;;;;"Er wordt onderscheid gemaakt tussen een functioneel programma van eisen (FPvE) en een technisch pro-gramma van eisen (TPvE)
Het FPvE beschrijft de geëiste en gewenste functionaliteit van een systeem, bijvoorbeeld in termen van snel-heid, gelijktijdigheid en bereikbaarheid. Meestal wordt het FPvE door ProRail, in samenwerking met gebruikers opgesteld.
Het TPvE beschrijft hoe de gekozen oplossingsrichting technisch gerealiseerd wordt. Het vertaalt de functione-le eisen uit het FPvE in een technische invulling.";;;;;;;;;;
Project;;;Een unieke set van gecoördineerde projectactiviteiten, uitgevoerd door individu(en) en/of organisatie(s), om specifieke doelen te bereiken binnen vastgestelde randvoorwaarden, tijd en budget.;;;;projectactiviteit;;;;;;;;;;;
Projectactiviteit;;;Een handeling die een van tevoren afgesproken resultaat oplevert in een verwachte tijdsduur, te verwachten kosten en capaciteitsbeslag en een verantwoordelijke.;;;;;;;;;;;;;;;
Projectfase;;;Een verzameling projectactiviteiten, gegroepeerd in tijd, die een vooraf gedefinieerd tussenresultaat opleve-ren. Aan het einde van een fase is een beslismoment (go-no go).;;;;projectactiviteit;Fasering is noodzakelijk om de besluitvorming in projecten gericht te organiseren. Vaak stelt de stuurgroep, projectboard of opdrachtgever het budget per fase ter beschikking van de projectleider.;"•	Voorfase
•	Alternatievenstudiefase
•	Planuitwerkingsfase
•	Realisatiefase";;;;;;;;;
Publiceren;;;Een activiteit waarin documenten openbaar worden gemaakt. Dit kan door uitgifte van een document of door het plaatsen op een site;;;;;;;;;;;;;;;
Punctualiteit;;;De mate waarin de gerealiseerde treindienst overeenkomt met de geplande treindienst.;;;;treindienst;Van Dale: stiptheid, nauwkeurigheid;;;;;;;;;;
Puntstuk;;;Het fysiek metalen object waarmee de scherpe hoek tussen de twee snijdende spoorstaven van een wissel of een kruising is gerealiseerd.;;;;spoorstaaf, wissel, kruising;Zie ook: https://otl.prorail.nl/otl/vigerend/Puntstuk;;;;;;;;;;
Raccordement;;;Een spoorweg, dat niet bestemd is voor openbaar vervoer en dat aansluit aan een openbare spoorweg. ;;spoorweg;;openbaar vervoer, openbare spoorweg;"Op een raccordement bedraagt de snelheid ten hoogste 30 km/u en er wordt op zicht gereden. 
Op een raccordement kan voorkomen:
•	een stamlijn. Deze heeft een ontsluitingsfunctie en is aangelegd ten bate van een overheidslichaam;
•	een spooraansluiting. Deze is aangelegd ten bate van een bedrijf, om dit bedrijf aan te sluiten op het spoorwegnet.";;;;;;;;;;
Rail;spoorstaaf;;;;;;;;;spoorstaaf;;;;;;;;
Rail-wegvoertuig;;;een bijzonder voertuig dat zowel op het spoor als op de weg kan rijden.;;;;;;;;;;;;;;;
Rail Service Center;RSC;;een regionale locatie waar drie modaliteiten, weg, water en rail, met elkaar combineren voor de opslag en/of het verladen van containers, wissellaadbakken en opleggers.;;;;combineren;;;;;;;;;;;
Raildemper;;;een geluiddemper, die aan de spoorstaaf is gemonteerd;;;;;Zie ook: https://otl.prorail.nl/otl/vigerend/Puntstuk;;;;;;;;;;
Railgebonden gebouw;;;huisvest de (primaire) railgebonden systemen ten behoeve van het treinverkeer en overige ProRail processen.;;;;treinverkeer;" In de railgebonden technische ruimten bevinden zich onder andere de installaties voor de volgende railgebon-den systemen;
a) (tractie) energievoorziening;
b) ICT en telecom;
c) treinbeveiliging;
d) tunnel technische installaties.
De bemenste ruimten zijn de ruimten voor verkeersleiding, schakel- en meldpersoneel, brugbedienaars
en overig kantoorpersoneel. Tevens worden hiertoe de algemene ruimten als seinzaal, verkeersruimten
(horizontaal en verticaal), sanitair en gebouwgebonden technische ruimten gerekend.

Zie ook: https://otl.prorail.nl/otl/vigerend/Gebouw";;;;;;;;;;
Railinfrastructuur;spoorweginfrastructuur;;;;;;;;;spoorweginfrastructuur;;;;;;;;
Railrem;;;een in de rails ingebouwde constructie die met het aandrukken van de wielflenzen tegen de spoorstaaf de draaisnelheid van de as verminderd.;;;;spoorstaaf;;;;;;;;;;;
Railspoel;;;een elektrotechnische component, waarmee de beide spoorstaven kunnen worden verbonden voor de tractie-retourstroom, maar een isolatie vormt voor de (GRS-)spoorstroomlopen.;;;;spoorstaaf, retourleiding;"De railspoel moet een voldoende lage impedantie hebben met de overige geleiders van het retourleiding- en/of aardingsysteem.

Zie ook: https://otl.prorail.nl/otl/vigerend/Railspoel";;;;;;;;;;
Railverkeer;treinverkeer;;;;;;;;;treinverkeer;;;;;;;;
Railverkeersysteem;;;een samenhangend stelsel van technische-, organisatorische-, procedurele- en andere middelen ter uitvoering van het geheel van trein en rangeerbewegingen.;;;;trein, rangeerbeweging;;;;;;;;;;;
Railvoertuig;spoorvoertuig;;;;;;;;;spoorvoertuig;;;;;;;;
RAMS-(HE)-management;;;Het systematisch en in samenhang analyseren van, en sturen op betrouwbaarheid, beschikbaarheid, onder-houdbaarheid en veiligheid (en gezondheid, milieu) van systemen in hun omgeving.;;;;betrouwbaarheid, beschikbaarheid, milieu;"De afkorting staat voor:
R = Reliability (betrouwbaarheid);
A = availability (beschikbaarheid);
M = Maintainability (Onderhoudbaarheid);
S = Safety (Veiligheid);
H = Health (Gezondheid);
E = Environment (milieu).

RAMS-management omvat de volledige procesbeheersing van onderhoud, vernieuwing, innovatie en nieuw-bouw en gaat daarmee over de gehele life cycle van infraobjecten.";;;;;;;;;;
Rangeerbeweging;;;een beweging zonder oogmerk van vervoer, waarbij de restrictie geldt dat geen vrije baan wordt bereden, dus binnen de grenzen van een emplacement of materieelknooppunt.;;;;vrije baan, emplacement, materieelknooppunt;;"Het voorbrengen, afvoeren van materieel.
N.B.: voorbrengen = vanaf het opstelspoor het benodigde materieel verplaatsen naar het spoor van 1e Vertrek van de betreffende trein. Afvoeren is het verplaatsen van materieel naar een opstelspoor.";;;;;;;;;
Rangeerdeel;;;"een krachtvoertuig, bijzonder voertuig, rijtuig, wagen of aantal van deze
voertuigen aaneengesloten, geen trein zijnde.";;;;krachtvoertuig, bijzonder voertuig, rijtuig, wagen, trein;;;;;;;;;;;
Rangeerplan;;;een overzicht van rangeerbewegingen, die op een bepaalde locatie plaatsvinden.;;;;rangeerbeweging;;;;;;;;;;;
Rangeren;;;het uitvoeren van één of meer Rangeerbewegingen.;;;;;;;;;;;;;;;
Rangeren;;AMVB Spoorverkeer;alle in hun geheel binnen een emplacement plaatsvindende verkeersbewegingen met treinen (of spoorvoer-tuigen).;;;;eplacement, trein, spoorvoertuig;;;;;;;;;;;
Regels voor operationele verdeling;;;zijn algemene regels in de operationele fase van het vervoersproces voor het verdelen van railinfracapaciteit aan infragebruikers.;;;;vervoersproces;"Denk aan concretisering van:
•	geen verdringing andere vervoerders;
•	voorkom olievlekwerking bij vertragingen;
•	minimaliseer totale vertraging van alle treinen.";;;;;;;;;;
Regolamento Internazionale Carozze;RIC;;een internationale overeenkomst over het gebruik van rijtuigen.;;;;rijtuig;In de RIC staan de technische eisen waaraan een rijtuig moet voldoen om internationaal gebruikt te kunnen worden  Rijtuigen die voldoen aan deze eisen krijgen het symbool RIC en kunnen, zonder speciale toestem-ming, gebruikt worden op alle RIC-spoorlijnen.;;;;;;;;;;
Regolamento Internazionale Veicoli;RIV;;een internationale overeenkomst over het gebruik van goederenwagons;;;;goederenwagon;"De RIV regelt welke goederenwagons internationaal ingezet mogen worden. Volgens het RIC mogen wagons wederzijds gebruikt worden op voorwaarde dat de wagon meteen na aankomst op de eindbestemming geladen wordt, en dat de lading + wagon terugkeren naar het land van herkomst. Met dit systeem werden er minder ""le-ge kilometers"" (lege wagons, dus wagons die niks opbrengen) gemaakt.";;;;;;;;;;
Reinigingsperron;;;een speciaal perron voor het reinigen van reizigersmaterieel.;;perron;;;;;;;;;;;;;
Reisinformatie;;;informatie gericht op reizigers over de actuele situatie van de treindienst op treinniveau.;;;;treindienst;"Deze informatie wordt o.a. verspreid via omroepberichten, argos-borden en/of cta’s.
reisinformatie betreft mede de door de spoorwegonderneming genomen maatregelen om de reizigers zo nodig om de versperring heen te leiden en/of getroffen reizigers verder te vervoeren. De inhoud van de reisinformatie is de verantwoordelijkheid van de spoorwegonderneming. Deze informatie wordt door de spoorwegonderne-ming volgens in het kader van een Aanvullende dienst bij de Toegangs-overeenkomst overeen te komen speci-ficaties en communicatieafspraken beschikbaar gesteld aan ProRail.
Voorbeeld
""De intercity van 8:25 uur heeft een vertraging van 10 minuten"". reisinformatie is op treinniveau, terwijl ver-keersinformatie op treinserieniveau is. Zie ook verkeersinformatie. ";;;;;;;;;;
Reizigersaansluiting;;;een planmatig gespecificeerde overstapmogelijkheid voor reizigers in een bepaald dienstregelpunt waarbij er-tussen aankomst/korte stop en vertrek/korte stop van twee treinen een tijdsverschil volgens de dienstrege-ling bestaat dat minimaal gelijk is aan de overstapnormtijd.;;;;dienstregelpunt, overstapnormtijd;"Reizigersaansluitingen worden op trein of treinactiviteit niveau opgeslagen, waarbij een reizigersaansluiting uniek geïdentificeerd wordt door de combinatie van aansluiting-gevende en -nemende trein(activiteit). Voor rei-zigersaansluitingen geldt een reglement in de vorm van maximale wachttijden, de WRT (WachttijdenReizigers-Treinen)

Bij een reizigersaansluiting worden de volgende eigenschappen vastgelegd:
1.	in welk dienstregelpunt de aansluiting plaatsvindt;
2.	de maximale wachttijd van de aansluiting-nemende trein;
3.	of het een crossplatform aansluiting betreft;
4.	wanneer de reizigersaansluiting geldig is;
5.	of het de laatste aansluiting betreft;
6.	meetpunt en vertragingsgrens voor voorspelbaar beslissen wel/niet overnemen.

1. reizigersaansluiting dienstregelpunt
Voor aansluitingen geldt dat de aansluiting in één en slechts één bepaald dienstregelpunt plaatsvindt. Gezien de huidige infrastructuur en toekenning van treinnummers aan treinen is het niet mogelijk dat twee treinen in twee of meer verschillende dienstregelpunten een aansluiting met elkaar hebben.

2. reizigersaansluiting maximale wachttijd
Is de tijd in minuten, die maximaal mag worden gewacht door de aansluitingnemende (vertrekkende) trein voor het overnemen van een reizigersaansluiting. Deze tijd is maximaal de rijtijdspeling van de aansluitingnemende trein tot het eerstvolgende maatgevende dienstregelpunt. I.p.v. de maximale wachttijd wordt in de WRT ook wel de uiterste vertrektijd gehanteerd. De uiterste vertrektijd is de in minuten weergegeven tijd (d.w.z. de uren zijn weggelaten) die aangeeft tot welke tijd de aansluitingnemende (vertrekkende) trein(serie) mag wachten op de aansluitinggevende (aankomende) trein(serie) in een bepaald dienstregelpunt.

De uiterste vertrektijd en maximale wachttijd zijn in combinatie met de geplande vertrektijd afleidbaar volgens onderstaand algoritme.
(Geplande vertrektijd (in minuten) + Maximale wachttijd) mod 60 = Uiterste vertrektijd.

3. reizigersaansluiting crossplatform
Middels een crossplatform indicator kan men binnen de centrale planningssystemen aangeven of de aansluiting crossplatform gepland is.

4. reizigersaansluiting geldigheid
Middels geldigheid geeft men aan wanneer een reizigersaansluiting geldig is.

5. reizigersaansluiting laatste aansluiting
Een laatste reizigersaansluiting is een als zodanig gespecificeerde reizigersaansluiting op een bepaalde pa-troondag (daggrens 02:00uur) waarvoor geldt dat de aansluiting-nemende trein de op die patroondag laatste trein is die vanuit het dienstregelpunt naar een bepaalde eindbestemming vertrekt. Middels een indicator geeft men bij aansluitingen aan of een aansluiting de laatste aansluiting van een patroondag is.

6. meetpunt en vertragingsgrens voor beslissen wel/niet overnemen
Het meetpunt (een dienstregelpunt in het traject van de aansluitinggevende trein voorafgaand aan het dienstre-gelpunt waar de reizigersaansluiting plaatsvindt) en de vertragingsgrens vormen de basis voor de voorspelbare beslissing voor VL om de reizigersaansluiting al dan niet te over te nemen. Momenteel zijn nog niet voor alle rei-zigersaansluitingen meetpunten en vertragingsgrenzen gespecificeerd.
";;;;;;;;;;
Reizigersinformatie;;;alle informatie op en rond de spoorweginfrastructuur ten behoeve van de reiziger. ;;;;;Naast reisinformatie (bijvoorbeeld zoals aangeboden via vertrekstaten, cta-borden) betreft dit o.a. informatie over de locatie van verkooppunten, toiletten, taxi’s, bussen, bagagedepots, accommodatie(s), enz.;;;;;;;;;;
Reizigersoverpad;;;een overpad bestemd voor reizigers.;;overpad;;;;;;;;;;;;;
Relais;;;een door een elektromagneet bediende elektrische schakelaar;;schakelaar;;;"Er zijn verschillende type relais. Een B-relais bijvoorbeeld is een type relais dat wordt toegepast voor veilig-heidstoepassingen in de treinbeveiligingsinstallatie. De relais vinden hun toepassing in de B-relais interlocking, overwegen, detectie en de diverse elektronische interlocking VPI, ebs en Smartlock.
Voor deze veiligheidstoepassingen zijn relais ontwikkeld met de eigenschap dat bij uitschakelen van de stroom het relais gegarandeerd in de rusttoestand komt. Hiertoe wordt gebruik gemaakt van speciaal materiaal voor de contacten en van de zwaartekracht. Tevens zijn de relais zo geconstrueerd dat alle contacten gegarandeerd tegelijk schakelen. Er zijn ongeveer 25 typen B1 en 10 typen B2 relais. Een voorbeeld is het B2-relais dat in de spoorstroomloop wordt gebruikt. 

Zie ook: https://otl.prorail.nl/otl/vigerend/Spoor-Relais";;;;;;;;;;
Remgewicht;;;de som van het gewicht van het beremde spoorvoertuig plus het maximum laadvermogen.;;;;treingewicht, spoorvoertuig;"Het remgewicht is 0 indien het spoorvoertuig geen remmen heeft.

Zie treingewicht.";;;;;;;;;;
Rempercentage;remverhouding;;een dimensieloze eenheid voor de remkracht van een trein. Het is de verhouding tussen het beschikbare rem-gewicht en het treingewicht.;;;;trein, remgewicht, treingewicht;;;;;;;;;;;
Remproef;;;"Een remproef is een controle vanuit de cabine of alle in de materieelsamenstelling :
1. aanwezige remkrachtbronnen functioneren.
2. de luchtlekkages binnen gestelde grenzen liggen.";;;;cabine, materieelsamenstelling;Bij een kleine remproef wordt controle 1 uitgevoerd en bij een grote remproef controle 1 en 2.;;;;;;;;;;
Remslof;slof;;een wig die gebruikt wordt om een voertuig op zijn plaats te houden. ;;;;voertuig;"Remsloffen voorkomen het wegrollen van een wagon.

Toelichting
Op het emplacement Kijfhoek is het gebruik van de “remslof Verdeelsporen Kijfhoek” toegestaan voor het af-remmen en tot stilstand brengen van spoorvoertuigen in het kader van het heuvelproces";;;;;;;;;;
Retourleiding;;;de verzameling van componenten en deelsystemen bedoeld voor het geleiden van de retourstroom van een krachtvoertuig naar het voedende onderstation langs de spoorbaan.;;;;retourstroom, krachtvoertuig, spoorbaan;"De retourleiding bestaat uit (zowel bij het 1500 V als het 25 kV-systeem)  spoorstaven, waarbij inbegrepen:
-  de verbindingen van spoorstaven naar het onderstation;
-  de verbindingen tussen de spoorstaven ter weerszijden van een waterkruising;
-  de verbindingen tussen spoorstaven ter overbrugging van een al dan niet isolerende las.

Het 25 kV-systeem benut daarnaast:
- de equipotentiaalleiding;
- de lineaire aardkabel met alle bijbehorende dwarsverbindingen (zie RLA);
- de mantels van kabels en de leidingen parallel aan het  spoor in het baanlichaam.
N.B. volledig ten onrechte wordt dit begrip ook wel gebruikt voor het aanduiden van alleen de equipotentiaallei-ding.";;;;;;;;;;
Retourstroom;;;elektriciteit, die via de wielen van de trein en de bereden spoorstaven teruggaat naar het onderstation.;;;;trein, spoorstaaf;;;;;;;;;;;
Richtingbedrijf;;;de rijrichtingen op een viersporig baanvak volgens het principe 'heen-heen-terug-terug'.;;;;lijnbedrijf;;;;;;;;;;;
Rijden op zicht;ROZ;;rijden met zodanige snelheid (maximaal 40 km/u) dat altijd voor een uiterste zichtpunt gestopt kan worden. ;;;;;;In beveiligd gebied wordt ROZ aangegeven door geel knipper. ;;;;;;;;;
Rijdraad;;;een sleepleiding, onderdeel van de bovenleiding, die contact maakt met de stroomafnemers van de trein.;;;;bovenleiding, trein;;;;;;;;;;;
Rijkarakteristiek;;;geeft aan of een trein per treinactiviteit als sneltrein, intercity of anderszins rijdt.;;;;trein, treinactiviteit, sneltrein, intercity;"De rijkarakteristiek wordt per treinactiviteit vastgelegd. De rijkarakteristiek van trein kan onderweg veranderen. Voorbeeld:” Een trein die leeg voor komt rijden - waarbij eerst een traject met meer dienstregelpunten wordt af-gelegd - om vervolgens als intercity te gaan rijden. Of een intercity die het laatste stuk van zijn traject als stop-trein aflegt.”
In VKL wordt de rijkarakteristiek ook per treinserie - als typering van de treinserie - vastgelegd. Rijkarakteristie-ken zijn medebepalend voor de stationnementsduur van treinen op stations.";;;;;;;;;;
Rijtijd;;;de tijd die een trein nodig heeft om van plaats A naar plaats B te rijden.;;;;trein;"Doorgaans betreft het de tijd van optrekken uit stilstand tot eerstvolgende stilstand. De rijtijd wordt bepaald door infra-, materieel- en dienstregelingskarakteristieken (bijv. baanvaksnelheid, materieelsoort, tractievormen enz.).
In eerste instantie is er sprake van ""kale"" rijtijd, die aangevuld wordt een marge (bij reizigerstreinen meestal 7%), waaruit de rijtijd volgt zoals die in de dienstregelingsplanning wordt toegepast.";;;;;;;;;;
Rijtuig;;;een spoorvoertuig zonder eigen tractie en bestemd om personen (incl. hun bagage) te vervoeren.;;spoorvoertuig;;;Volgens Van Dale is een rijtuig een wagen voor personenvervoer, die wordt geduwd of getrokken.;;;;;;;;;;
Rijweg;;;een topologische mogelijkheid tot verplaatsing op de railinfrastructuur waarvan het exacte pad over de rails nog onbepaald is.;;;;railinfrastructuur, pad, spoor;"De mogelijkheid tot verplaatsing wordt aangegeven tussen:
•	twee sporen, beginnend op het VAN spoor en eindigend op het NAAR spoor.
	en waar van toepassing: 
•	twee variabele seinen, beginnend met een VAN-sein en eindigend bij het NAAR-sein, corresponderend met de VAN- en NAAR-sporen.

Toelichting 
Er zijn uitzonderingen. Een vrije baan kent bijv. alleen seinstappen en een onbeveiligd emplacement kent alleen spoorstappen.

Rijwegen kunnen enkelvoudig zijn, d.w.z. er ligt geen variabel sein tussen; maar ook samengesteld. Rijwegen worden per richting vastgelegd. In deze context is rijweg dus een synoniem van seinstap. ";;;;;;;;;;
Rijweg;route;Treinbeveiliging;een topologische mogelijkheid tot verplaatsing op de railinfrastructuur waarvan het exacte pad over de rails bepaald is.;;;;railinfrastructuur, pad;"De mogelijkheid tot verplaatsing wordt aangegeven tussen twee variabele seinen en de relaisstand van die sei-nen, beginnend met een VAN-sein en eindigend bij het NAAR-sein. Bovendien wordt het tussenliggend wissel aangegeven.


Toelichting
Bij treinbeveiliging hebben  rijweg en route dezelfde definitie.

Zie ook: https://otl.prorail.nl/otl/vigerend/Rijweg";Van-sein A, groen, wissel C, Naar-sein B, geel.;route;;;;;;;;
Rijweginstelling;;;het in werkelijkheid activeren van een route op de railinfrastructuur.;;;;;Dit is het instellen van wissels en seinen die bij een route horen.;;;;;;;;;;
Rijwegvoorwaarde;;;het geheel aan randvoorwaarden bij een rijweginstelling.;;;;rijweginstelling;Hierbij gaat het om zaken als insteltijd, route, ROZ-indicator, vereiste infra-elementtoestanden etc. ;;;;;;;;;;
RNE;;;Europees samenwerkingsverband van beheerders van railinfrastructuur op het gebied van capaciteits-verdeling en operatie. ;;;;;"Binnen rne worden de internationale dienstregelingsaanvragen gecoördineerd en afgestemd.
Website: RNE.eu
";;;;;;;;;;
Rode meetgebied;;;een extra ruimte rondom PVR-NL, waarbinnen zich bij uitzondering voorwerpen mogen bevinden, die het trein-verkeer kunnen hinderen en/of in gevaar kunnen brengen;;;;treinverkeer;"Voorbeeld van een uitzonderingsvoorwerp is een dwergsein.
Als een trein buiten het rode meetgebied komt dan rijdt deze als ""buitenprofiel vervoer"" en wordt door ProRail een aanwijzing gegeven. In sommige gevallen worden er bij ""buitenprofiel vervoer"" infraobjecten tijdelijk verwij-derd.
Zie ook: omgrenzingprofiel, profiel van vrije ruimte en buitengewoon vervoer";;;;;;;;;;
Rollend gereedschap;;;gereedschap of een hulpmiddel dat door middel van handkracht, over de rails te worden bewogen.;;;;;;Voorbeelden zijn pomplorries en verrolbare ladders.;;;;;;;;;
Route;;Vervoer en Dienstregeling, Operatie-verkeersleiding;een topologische precisering van een rijweg die naast het VAN-spoor en NAAR-spoor en/of VAN-sein en NAAR-sein ook de tussenliggende wisselstanden aangeeft. ;;;;rijweg, spoor, dwangnummer;Deze wisselstanden (bijv. L,R,L,L) zijn samengevat in een dwangnummer. Een route kan, net als een rijweg, enkelvoudig en samengesteld zijn.;;;;;;;;;;
Route;;Treinbeveiliging;een vooraf bepaald pad voor een beweging.;;;;;Zie ook: https://otl.prorail.nl/otl/vigerend/Route ;;;;;;;;;;
Ruim uitschakelen;RU;;het uitschakelen van bovenleidinggroep(en) waar een ongewenste gebeurtenis plaatsvindt en in de directe om-geving daarvan. ;;;;bovenleidinggroep;"Daarbij wordt onderscheid gemaakt in:

a.	Ruim uitschakelen op een vrije baan is:
het uitschakelen van de bovenleidinggroep(en) waar de ongewenste gebeurtenis plaatsvindt,
beide naastgelegen bovenleidingroepen in de lengterichting en 
alle daaraan parallel liggende bovenleidinggroepen.

b.	Ruim uitschakelen op een emplacement is:
het uitschakelen van de bovenleidinggroep(en) waar de ongewenste gebeurtenis plaatsvindt 
beide naastgelegen bovenleidinggroepen in de lengterichting en
 de daaraan parallel liggende bovenleidinggroepen.";;;;;;;;;;
Schaduw draaien;;;een activiteit waarbij het nieuwe (sub)systeem wordt beoordeeld door het naast het oude (sub)systeem te ge-bruiken en regelmatig de gegevens en de effecten in de twee systemen met elkaar te vergelijken;;;;;;;;;;;;;;;
Schakel- en Meldcentrum;SMC;;een locatie van waaruit het functioneren van de bovenleiding bewaakt c.q. bediend (schakelen) wordt en waar alle storingsmeldingen worden gecoördineerd.;;;;;"Tot ca. 1994 werden deze centra Centrale SchakelPost -CSP- genoemd.
Schakelen kan gevraagd (op verzoek) en ongevraagd (uit eigen waarneming) verricht worden.
";;;;;;;;;;
Schakelaar;;;een toestel om een elektrische stroomketen te sluiten of te onderbreken.;;;;;;;;;;;;;;;
Scheepshoorndetectie;;;apparatuur dat het scheepshoornsignaal voor het verzoek tot opening van een brug herkent.;;;;;;;;;;;;;;;
Scheider;;;een toestel, niet zijnde een schakelaar, bestemd om in open stand een veilige scheiding tussen delen van een stroomketen tot stand te brengen (NEN1010).;;;;;;;;;;;;;;;
Schouwen;;;het visueel controleren van spoor, wissels, ballastbed en baanlichaam op gebreken.;;;;spoor, wissel, ballastbed, baanlichaam;Onder andere na aanwijzing Voorzichtig Rijden (VR) met Schouwopdracht.;;;;;;;;;;
Schuit;;;het bovenste onderdeel van de stroomafnemer waarmee contact met de rijdraad wordt gemaakt. De schuit be-staat uit een sleepstuk, datgene wat de draad aanraakt en aan weerszijde een kromming naar beneden, de beide horens. ;;;;stroomafnemer, rijdraad;;;;;;;;;;;
Schuitbreedte;;;de breedte van de schuit gemeten over het sleepstuk en beide horens (de uiteinden van de schuit).;;;;schuit;;;;;;;schuit;;;;
Sectie;;;een door sectiescheidingen afgebakend gebied dat als geheel in de beveiliging beschikbaar of bezet wordt gemeld. Dus de kleinste eenheid railinfrastructuur die voor één doel tegelijk in gebruik kan zijn.;;;;beveiliging, eenheid, railinfrastructuur, spoortak;"Secties kunnen door 2, 3, .. 6 sectiescheidingen begrensd worden. In geval van 2: de sectie ligt in zijn geheel op één spoortak; ingeval van 3: een wissel als sectie; in geval van 6: twee aaneensluitende kruisingen of en-gelsmannen.

Zie ook: https://otl.prorail.nl/otl/vigerend/Sectie
";;;;;;;;;;
Sectiescheiding;;;een scheiding tussen twee Secties, uitgevoerd als een elektrische scheidingslas (ES-las) of assenteller. ;;;;las;Zie ook: https://otl.prorail.nl/otl/vigerend/Sectie-Scheider;;;;;;;;;;
Sein;;;een verkeersteken inhoudende een ge- of verbod, een waarschuwing of een aanduiding.;;;;;"De boodschap van een sein ligt opgesloten in de semantiek van diens ""seinbeeld"". Zie hiervoor het Regelement spoorverkeer.
Merk op: vast sein = bord
Zie ook: https://otl.prorail.nl/otl/vigerend/Sein";"•	Borden: snelheidsverminderingsbord, baanvaksnelheidsbord;
•	Variabele seinen: lichtseinen zoals hoofdseinen (hoog of laag), voorseinen;
•	Cabineseinen: seinen die via radiografische weg in de cabine van de trein zichtbaar zijn.";;;;;;;;;
Seinstap;;;een rijweg tussen twee elkaar opvolgende variabele seinen, binnen de geldige rijmogelijkheden van de micro-topologie van het spoorweg netwerk.;;rijweg;;spoorweg, variabel sein;;"Seinstappen kunnen enkelvoudig zijn, d.w.z. er ligt geen variabel sein tussen; maar ook samengesteld. Sein-stappen worden per richting vastgelegd overeenkomend met de richtingen waarin de seinen betekenis hebben.
Binnen de bediening is een enkelvoudige seinstap het equivalent van een enkelvoudige rijweg.

Zie ook: https://otl.prorail.nl/otl/vigerend/Seinstap";;;;;;;;;
Shuttletrein;;;een trein, die in vaste samenstelling en op vaste tijden pendelt tussen twee steeds dezelfde dienstregelpunten.;;trein;;;;"Dit komt met name voor bij het vervoer van containers en wissellaadbakken en bij de hogesnelheidslijnen en luchthavens. Dit is een soort lijndienst.
";;;;;;;;;
Simplexverbinding;;;een verbinding waarbij de zender en de ontvanger niet tegelijk kunnen zenden en ontvangen.;;;;;;;;;;;;;;;
TijdRuimte-Slot;slot;;een in tijd en ruimte aaneengesloten samenstel van één of meer infracapaciteitseenheden, dat ruimte biedt aan een geldig infragebruiksdoel van de spoorweginfrastructuur’.;;;;infragebruiksdoel, spoorweginfrastructuur;"1.	Bij NCBG’s wordt het TijdRuimte-Slot gebruikt om door de treindienstleider NCBG een afgebakend geografisch gebied voor een bepaalde tijd ter beschikking te kunnen stellen aan één infragebruiker. (zie overzicht NCBG op het Logistiek Portaal van ProRail)
2.	Illustratie van een mogelijke weergave van een TijdRuimte-Slot:

 
";;slot;;;;;;;;
Snel goederenvervoer;;;goederenvervoer per trein in een pad met karakteristieken, die vergelijkbaar zijn met de inzet van een goede-rentrein met een bruto treingewicht van 400 ton, een kruissnelheid van 130 km/h en een toegelaten maximum-snelheid van tenminste 140 km/h.;;;;trein, pad, treingewicht;"Dit begrip wordt gebruikt in de capaciteitstoedelingsregels. 
Bij de uitwerking van het model is uitgegaan van één 4-assige elektrische locomotief van de locserie 1600/1700/1800 van NSR/Railion
Deze toevoeging is in de netverklaring opgenomen.";;;;;;;;;;
Snelheid begrenzen;;;afhankelijk van de snelheid waarmee gereden wordt, de snelheid verlagen tot de voorgeschreven snelheid of de snelheid mogen verhogen naar de voorgeschreven snelheid.;;;;;;;;;;;;;;;
Sneltrein;;;een treinsoort met de karakteristieken van een intercity echter met meer tussenliggende halteringen.;;;;;Vroeger werd deze treinsoort ook wel interregio trein genoemd.;;;;;;;;;;
Sorteerspoor;verdeelspoor;;;;;;;;;verdeelspoor;;;;;;;;
Spaninrichting;afspaninrichting;;;;;;;;;afspaninrichting;;;;;;;;
Spanningsloos;;;een elektrische toestand van de bovenleiding, waarbij deze geen elektrische spanning heeft en geaard is of waarbij, na afschakeling van de bovenleiding,  er een galvanische verbinding wordt aangelegd tussen de rijd-raad en de spoorstaaf (geminust).;;;;;bovenleiding, rijdraad, spoorstaaf;;;;;;;;;;
Spanningssluis;;;Een voorziening in de railinfrastructuur om twee aangrenzende ongelijksoortige tractie energievoorziening systemen te scheiden en de overgang van het ene naar het andere tractie energievoorziening systeem voor treinen mogelijk te maken. ;;;;;Zie ook: https://otl.prorail.nl/otl/vigerend/Spanningssluis;;;;;;;;;;
Specific Application test;SAT;;een activiteit waarbij wordt beoordeeld of het product voldoet aan bepaalde acceptatiecriteria.;;;;product;De test wordt op de productielocatie van de fabrikant of op de locatie waar het product gebouwd is door de fa-brikant uitgevoerd, vaak in het bijzijn van de opdrachtgever.;;;;;;;;;;
Specifieke Transmissie Module;STM;;treinapparatuur, die informatie uit een conventioneel lokaal beveiligingssysteem converteert naar voor het etcs begrijpelijke informatie. ;;;;beveiligingssysteem, etcs;Voor Nederland is de STM-atb relevant, voor de grensovergang met België de STM-Memor en voor Duitsland de STM-PZB ( Punktförmige Zugbeëinflussung).;;;;;;;;;;
Specifiekedagbeweging;;;een patroonbeweging die toegepast is op een concreet tijdstip op één specifieke datum.;;patroonbeweging;;;"Ten grondslag aan een specifiekedagbeweging ligt altijd een patroonbeweging. Hier wordt dus concreet invulling gegeven aan de tijdsaanduidingen die in een patroonbeweging nog als onbepaald stonden aangemerkt
Detailverschillen met de onderliggende patroonbeweging kunnen worden aangegeven in de vorm van bewe-gingsactiviteitafwijkingen. 
Een specifiekedagbeweging is een element van het dienstregeling/infraplan binnen het specifiekedagplan.";;;;;;;;;;
Specifiekedagplan;;;het samenhangende geheel van dienstregeling/infraplan, materieelplan en personeelplan dat geldt voor pre-cies één specifieke datum. ;;;;dienstregeling/infraplan, materieelplan, personeelsplan;"Het dienstregeling/infraplan-deel van een specifiekedagplan is opgebouwd  uit een basisdag die voorzien is van een geldigheid op datum, aangevuld met orders betreffende specifiekedagbewegingen, brugopenin-gen, buitendienstgestelde gebieden, niet centraal bediende gebieden en volumeinzet (opstelsporen).

Toelichting
Na voltooiing vormt dit geheel het interne eindproduct van het planproces, waarvan een veelheid aan externe planproducten wordt afgeleid voor de afnemers van het planproces. 

Zie bijlage 5.2: “Van patroonbeweging tot procesplan.”";;;;;;;;;;
Splitsen;;;het op een station opdelen van een aangekomen trein met één treinnummer in twee treinen, die elk verder rij-den met een eigen treinnummer.;;;;station, trein, treinnummer;Meestal behoudt één van de treinen het nummer van de aangekomen trein. Indien één van beide treinen uit de dienstregeling wordt genomen (geen treinnummer) wordt dit aftrappen genoemd. Het omgekeerde van splitsen heet combineren.;;;;;;;;;;
Spoor;;;een ononderbroken, benaamd deel van één of meer spoortakken, eenduidig begrensd door daarvoor geldige spoorgrenzen en bedoeld als van- of naar-locatie voor een beweging, dan wel als opstelplaats voor materi-eel.;;;;spoortak, spoorgrens, beweging, materieel;"Spoorgrenzen worden behandeld in bijlage 5.1.

Toelichting
Een meer populaire omschrijving is:
twee (evenwijdige) spoorstaven, zodanig geconstrueerd, dat er railvoertuigen op kunnen rijden.
Dit is echter eerder de omschrijving van “rails”.

Zie ook: https://otl.prorail.nl/otl/vigerend/Spoor";;;;;;;;;;
Spoor- en baanvakgeometrie;;;de ligging van sporen en baanvakken uitgedrukt in meetkundige termen.;;;;spoor, baanvak;;;;;;;;;;;
Spooraansluiting;;;een aansluiting van het terrein van één bedrijf door middel van een spoor en een wissel aan het spoorwegnet.;;aansluiting;;spoorwegnet, spoor, wissel;;;;;;;;;;;
Spoorafstand;;;de kortste afstand tussen twee naast elkaar gelegen, gelijkvloerse, sporen van hart spoor tot hart spoor.;;;;spoor;Zie ook: https://otl.prorail.nl/otl/vigerend/Spoorafstand;;;;;;;;;;
Spooras;as spoor;;;;;;;;;as spoor;;;;;;;;
Spoorbaan;;;het geheel van rails, dwarsliggers en het baanlichaam waarover de spoorvoertuigen rijden.;;;;rails, dwarsligger, baanlichaam, spoorvoertuig;Een spoorbaan is de fysieke realisatie van het begrip spoorweg, dat meer als juridische begrip wordt gebruikt.;;;;;;;;;;
Spoorbezetting;;;de infrabezetting van een spoor.;;infrabezetting;;;;;;;;;;;;;
Spoorbreedte;;;de afstand tussen twee spoorstaven van één spoor, gemeten van hart spoorstaaf  tot hart spoorstaaf. ;;;;spoorstaaf, spoor;Pas op voor verwarring met spoorwijdte.;;;;;;;;;;
Spoorbrug;;;een brug waarover een spoorweg loopt.;;;;;;;;;;;;;;;
Spooremplacement;emplacement;;;;;;;;;emplacement;;;;;;;;
Spoorgrens;;;een infra object waarmee de afbakening van een spoor is bepaald.;;;;;"Belangrijkste spoorgrenzen zijn wissel, stootjuk en bediend sein.
Zie bijlage 5.1

Zie ook: https://otl.prorail.nl/otl/vigerend/Spoorbegrenzer";;;;;;;;;;
Spoorlijn;;;voor ProRail het centrale begrip (entiteit) waarmee de relatie tussen het gebruik (benutting) en de kosten/baten van de railinfrastructuur wordt gecommuniceerd. ;;;;railinfrastructuur;"Daarbij is spoorlijn een gebiedsbegrip dat zich voordoet op de macro-topologie van de railinfrastructuur.
Het begrip spoorlijn heeft vervoersrelevantie in die zin, dat er een eenduidige herleiding gemaakt kan worden tussen geplande of uitgevoerde treinen en spoorlijnen.
Uit de vervoersrelevantie (logistieke component) van een spoorlijn volgt dat een spoorlijn in de taal van ver-voersplannen benoemd moet worden. Het centrale begrip daarin is “dienstregelpunt”. Het beschrijft daarop een trajectdeel dat begint en eindigt bij een dienstregelpunt. 
In het verlengde daarvan heeft spoorlijn een functie bij de verrekening van de gebruiksvergoeding met vervoer-ders (baten voor ProRail). Deze verrekening wordt gebaseerd op de verbindingen tussen de dienstregelpunten die het traject van een spoorlijn bepalen. 
Ook heeft spoorlijn een functie bij het berekenen van de onderhouds-, beheer en exploitatiekosten (kosten voor ProRail). Dat gebeurt op basis van de kosten van de geocodes die deel uitmaken van een spoorlijn. Om die re-den is er naast de spoorlijnopbouw uit dienstregelpunten ook een opbouw bestaande uit 1 of meer geocodes (opeenvolgend of in ster-formatie).
Daarbij heeft een spoorlijn een spoorlijncode.
Een spoorlijn is een optelling van trajectdelen.

Zie ook trajectdeel voor meer informatie.";;;;;;;;;;
Spoormodule;;;een bijzonder krachtvoertuig bestaande uit één of meer gekoppelde containers met gereedschappen die bij ca-lamiteiten op het spoor kunnen worden geplaatst voor het bestrijden van of het herstel van een calamiteit.;;krachtvoertuig;;calamiteit, spoor;;;;;;;;;;;
Spoors materieel;spoorvoertuig;;;;;;;;;spoorvoertuig;;;;;;;;
Spoorsloot;;;een sloot die evenwijdig aan het baanlichaam van het spoor ligt ten behoeve van de waterhuishouding en de afscherming van de spoorbaan.;;;;baanlichaam, spoorbaan;Zie ook: https://otl.prorail.nl/otl/vigerend/Sloot;;;;;;;;;;
Spoorstaaf;rail;;een geprofileerde ijzeren staaf als onderdeel van een spoorbaan.;;;;spoorbaan;"Een spoorstaaf is een onderdeel van de retourleiding.
Zie ook: https://otl.prorail.nl/otl/vigerend/Spoorstaaf-Verzameling";;;;;;;;;;
Spoorstaafdoorverbindingschakelaar;;;"een schakelaar die 2 spoorstaven in de lengterichting elektrisch doorverbindt bij beweegbare bruggen.
";;schakelaar;;;;;;;;;;;;;
Spoorstroomloop;;;is een elektrische stroomkring op een spoorweg in de vorm van een spanningsverschil tussen de spoorsta-ven.;;;;spoorstaaf, spoorweg;"Het spanningsverschil tussen de spoorstaven kan worden kortgesloten met de assen van een trein of een kortsluitlans.
Er zijn qua technische implementatie verschillende soorten spoorstroomlopen, zoals:
prikspanningspoorstroomloop
toonfrequente spoorstroomloop (zie GRS-spoorstroomloop)

Zie ook: https://otl.prorail.nl/otl/vigerend/GRS-SSL-Sectie";;;;;;;;;;
Spoortak;;;een topologie beschrijvende ononderbroken railverbinding tussen twee topologie-objectpoten.;;;;;"Ten minste één van de twee topologie-objectpoten moet een wissel zijn, zodat de identificatie van een spoortak altijd op basis van een wissel (met kantcode) kan plaatsvinden. 
Dat is nodig omdat in de naamgevingen op de railinfrastructuur wissels altijd (!) een naam (nummer) hebben op het OBE-blad.
Andere topologie-objecten krijgen alleen een administratief nummer, dat niet op het OBE-blad terugkomt.

Zie ook: 
•	https://otl.prorail.nl/otl/vigerend/Spoortak-Functioneleview
•	https://otl.prorail.nl/otl/vigerend/Spoortak-Fysiekeview
";;;;;;;;;;
Spoortakbelegging;;;een algemeen begrip voor de projectie op een spoortak van een fysiek infraobject dat zich in werkelijkheid langs of op die spoortak bevindt, of van een (geografische) locatie die op die spoortak betekenis heeft. ;;;;spoortak, infraobject;;;;;;;;;;;
Spoortunnel;;;een tunnel ten behoeve van het treinverkeer.;;tunnel;;treinverkeer;Zie ook: https://otl.prorail.nl/otl/vigerend/Tunnel;;;;;;;;;;
Spoorverkeer;treinverkeer;;;;;;;;;treinverkeer;;;;;;;;
Spoorvoertuig;railvoertuig, spoors materieel;;"een voertuig, bestemd voor het verkeer over spoorwegen;";;;;;;;;;;;;;;;
Spoorweg;;;een weg bestemd voor verkeer over spoorstaven of geleide rails.;;;;verkeer, spoorstaaf, rails;"Het begrip spoorweg wordt met name als juridische begrip gebruikt. (zie ook spoorbaan)

Er zin 3 categorieën spoorwegen:
•	hoofdspoorweg (voor treinen);
•	lokale spoorweg (voor tram en metro): het begrip “lokaalspoorweg” wordt niet meer gebruikt sinds de in-voering van de spoorwegwet van 2004, aangezien dit type spoorweg is verdisconteerd in het begrip “hoofdspoorweg”;
•	bijzondere spoorweg (bijvoorbeeld een museumlijn).";;;;;;;;;;
Spoorwegemplacement;emplacement;;;;;;;;;emplacement;;;;;;;;
Spoorweginfrastructuur;infra, infrastructuur, railinfrastructuur, transferinfra;;de verzameling van installaties, systemen, objecten, bouwwerken en constructies die noodzakelijk zijn voor of een functie hebben bij het afwikkelen van treinverkeer of van rechtstreeks uit het treinverkeer voortvloeiende processen.;;;;treinverkeer;"Bondiger gezegd: de spoorweginfrastructuur is het totaal van onroerende voorzieningen bedoeld voor het mo-gelijk maken van railgeleide Bewegingen. 
Denk aan bovenleiding, rails, seinen, wissels, beveiligingssystemen, bedieningssystemen en stations.
";;;;;;;;;;
Spoorwegnet;;;"de netwerkweergave van de railinfrastructuur, waarin drie detailniveaus mogelijk zijn:
""micro topologie""
of 
Meso topologie
of
""macro topologie""";;;;micro topologie, macro topologie, railinfrastructuur;Meso topologie is in feite macro topologie, maar daarbij worden de vrijebanen op spoorniveau weergegeven.;;;;;;;;;;
Spoorwegonderneming;;richtlijn 95/18/EG;een onderneming waarvan de (voornaamste) activiteit bestaat uit het leveren van spoorwegvervoerdiensten voor goederen of reizigers en die beschikt over tractie. ;;;;tractie;"Een spoorwegonderneming is in het bezit van een bedrijfsvergunning en een veiligheidsattest en sluit een Toe-gangsovereenkomst met de beheerder; pas dan mag deze op het spoor.";;;;;;;;;;
Spoorwegonderneming;vervoerder;Spoorwegwet;een onderneming waarvan de (voornaamste) activiteit bestaat uit het leveren van spoorwegvervoerdiensten voor goederen of reizigers en die beschikt over tractie om de bedoelde diensten te verzorgen alsmede iedere andere onderneming die gebruik maakt of beoogt te maken van de spoorweg en ook beschikt over tractie.;;;;tractie, spoorweg;"Een spoorwegonderneming is in het bezit van een bedrijfsvergunning en een veiligheidsattest en sluit een Toe-gangsovereenkomst met de beheerder; pas dan mag deze op het spoor.";NSR, Railion, Eurailscout  en Volkers Stevin;;;;;;;;;
Spoorwegovergang;overweg;;;;;;;;;overweg;;;;;;;;
Spoorwegveiligheid;;;het geheel aan maatregelen dat is of wordt getroffen, ter voorkoming van gevaar in en door het railverkeersys-teem.;;;;railverkeersysteem;;;;;;;;;;;
Spoorwijdte;;;de afstand tussen de beide spoorstaven, gemeten tussen beide spoorstaafkoppen op x millimeter beneden de bovenkant van de spoorstaafkop;;;;spoorstaaf;"Pas op voor verwarring met spoorbreedte. 
x is afhankelijk van het type spoorstaaf dat wordt gebruikt.
Het Nederlandse spoorwegnet kent een spoorwijdte van 1435 mm, deze wijdte wordt in Europees verband ook wel normaal spoor genoemd, hetgeen echter mondiaal niet opgaat, aangezien het zg. Kaaps spoor (1067 mm spoorwijdte) wereldwijd normaler is, ergo: term normaal spoor voor 1435 mm niet gebruiken. ";;;;;;;;;;
Spoorzone;werkzone;;;;;;;;;werkzone;;;;;;;;
Sporenstaat;;;een overzicht van de te gebruiken sporen bij aankomst, doorrijden en vertrek van treinen binnen een PPLG of opstelterrein.;;;;opstelterrein;;;;;;;;;;;
Stabilisatieconstructie;;;een mechanische voorziening middels verstijving en/of verzwaring van een object of bouwwerk met het doel om dat stabiel te maken.;;;;;Stabiel = niet aan veranderingen onderhevig. (Van Dale);;;;;;;;;;
Stadsgewestelijk openbaar railvervoer;;;openbaar vervoer op de, op kaart 1 behorende bij het Besluit Capaciteitsverdeling Hoofdspoorweginfrastruc-tuur, aangeduide baanvakken met stadsgewestelijke stations.;;openbaar vervoer;;baanvak, station;;;;;;;;;;;
Stamlijn;;;het spoor en de wissels, waarop meer spooraansluitingen zijn aangesloten ter ontsluiting van een bedrij-venpark aan de hoofdspoorweg.;;;;spoor, wissel, spooraansluiting, hoofdspoorweg;;;;;;;;;;;
Standaard bijzonderheid;;;een aanduiding die een bepaalde eigenschap van een trein aangeeft, waarbij de eigenschap behoort tot een groep van algemeen belang geachte eigenschappen. ;;;;;"Binnen de planning en bijsturingssystemen bepalen standaard bijzonderheden (bijv.: Chloor, Buiten profiel etc.) of trein(activiteit)en afwijkend worden gepresenteerd.
Voor de bijsturingssystemen is ook het afwijkend rijden middels een 2e standaard bijzonderheid zichtbaar. Daarnaast geldt voor de bijsturing dat bij bepaalde standaard bijzonderheden er richtlijnen/procedures t.b.v. de spoorwegveiligheid moeten worden opgevolgd.";CHLOOR (chloor-trein) en BP (buiten profiel).;;;;;;;;;
Station;stationscomplex;;een samenstelling van één of meerdere elementen welke zijn bestemd voor aankomst en vertrek van spoor-voertuigen en het in-, uit- of overstappen van reizigers, of de ondersteuning daarvan.;;;;;"In de Spoorwegwet (art. 26) wordt  het begrip station gedefinieerd conform het begrip stationsgebouw.

station is ook een subtype van dienstregelpunt: Een station is een dienstregelpunt bestemd en ingericht om treinen te doen stoppen, eindigen, inhalen of kruisen en voorzien van ten minste één wissel en tevens be-stemd en ingericht om reizigers te laten in- of uitstappen en/of goederen aan te nemen en/of af te leveren.
";;stationscomplex;;;;;;;;
Stationnement;;;een stilstand van een trein op een dienstregelpunt ten behoeve van het in- of uitstappen van reizigers of het verladen van goederen.;;;;trein, dienstregelpunt;;;;;;;;;;;
Stationsgebouw;;;Een gebouw of werk dat blijkens zijn constructie en inrichting geheel of gedeeltelijk is bestemd voor aankomst en vertrek van spoorvoertuigen met het oog op het in-, uit- of overstappen van reizigers.;;;;gebouw, spoorvoertuig;Volgens de Spoorwegwet (art. 26) is dit de definitie van een station.;;;;;;;;;;
Steenbestorting;;;het bestorten van dijkvoeten, onderzeese oevers enz. met onregelmatige stukken steen.;;;;;;;;;;;;;;;
Stootjuk;;;een constructie die als blokkade het fysieke einde van een spoortak markeert.;;;;spoortak;"Een stootjuk kan voorzien zijn van een afsluitlantaarn (zie Seinenboek).

Zie ook: https://otl.prorail.nl/otl/vigerend/Stootjuk";;;;;;;;;;
Stopdoorschakeling;;;een schakeling om in de bediening onderscheid te kunnen maken tussen het doorrijden en halteren van trei-nen, in situaties waarbij deze zich in de naderingsafstand van een overweg bevinden.;;;;halteren, trein, overweg;Bij ‘stop’ is de aankondigingsafstand ingekort.;;;;;;;;;;
Stopontspoorblok;;;een ijzeren blok op de spoorstaaf om bewegende spoorvoertuigen te stoppen of te doen ontsporen ter voor-koming van zijdelingse aanrijding (flankbeveiliging). ;;;;blok, spoorstaaf, flankbeveiliging;"Bij een beperkte snelheid kan bewegend materieel gestopt worden, maar bij een te grote snelheid wordt dit tot ontsporing gebracht op zo’n manier, dat het wordt weggeleid van het te beveiligen spoor.
Stopontspoorblokken kunnen afhankelijk van de uitvoering met de hand of op afstand worden bediend. Zie ook ontsporingsgeleider.

Zie ook: https://otl.prorail.nl/otl/vigerend/Stopontspoorblok";;;;;;;;;;
Stoptrein;;;een treinsoort uit het binnenlands treinverkeer die (bijna) overal stopt.;;;;treinverkeer;"Synoniem
Agglo-Regio (AR)  Wordt niet meer gebruikt.";;;;;;;;;;
Storing;;;een niet- of niet juist werkende functionaliteit van de spoorweginfrastructuur.;;;;spoorweginfrastructuur;;;;;;;;;;;
Stoten;;;het ongekoppeld opduwen van wagens of rangeerdelen door een krachtvoertuig.;;;;krachtvoertuig;;;;;;;;;;;
Streekgewestelijk openbaar vervoer;;;"Streekgewestelijk openbaar vervoer is openbaar vervoer op één van de op kaart 1 behorende bij dit besluit aangeduide baanvakken met streekgewestelijke stations waarvoor geldt dat de betrokken trein stopt op het merendeel van de stations op dat baanvak; ";;openbaar vervoer;;trein;Definitie (Besluit capaciteitsverdeling hoofdspoorweginfrastructuur);;;;;;;;;;
Stroomafnemer;pantograaf (NT);;een onderdeel aan of op een locomotief of treinstel waarmee stroom uit de bovenleiding of de ’derde’ stroom voerende rail kan worden afgenomen.;;;;;Indien de stroomafnemer op het dak van de trein geplaatst is, wordt deze ook wel pantograaf genoemd.;;pantograaf;;;;;;;;
Stroomrail;;;een geleidingsrail naast en nabij de spoorstaven ten behoeve van tractiestroomvoorziening, in plaats van een bovenleiding of een massieve constructie ten behoeve van tractiestroomvoorziening, in plaats van een boven-leiding, welke wordt toegepast op bruggen en in tunnels en soms bij seinen.;;;;spoorstaaf, sein, bovenleiding;De eerste toepassing is met name bij Rotterdam en Amsterdam, maar dit wordt niet beheerd door ProRail ;;;;;;;;;;
Systeem;;;een samenhangend stelsel van technische-, organisatorische-, procedurele- en andere middelen ter vervulling van een functie.;;;;;"Van Dale:
1.	de wijze waarop iets is ingericht en de regels die dienen ter instandhouding daarvan 
2.	geheel dat volgens een bepaald beginsel geordend, gerangschikt of ingedeeld is 
3.	het geheel van handelingen die dienen om een gesteld doel te bereiken 
4.	[muz.] aantal bijeenbehorende balken in een partituur

Hier gebruikt als combinatie van de varianten 2 en 3";"Voorbeelden van systemen zijn o.a.: een “tractie-energiesysteem”, “beveiligingssysteem”, “omroepsysteem” , “procesleidingsysteem”, ""treindetectiesysteem"".";;;;;;;;;
Tailtrack;;;een (kop)spoor dat lang genoeg is om te worden gebruikt om snel van de ene aankomst-/vertrek spoorbundel naar de andere te kunnen doorwisselen (met een zigzag beweging).;;spoor;;;"Tailtracks voor reizigerstreinen worden doorgaans dicht in de buurt van de perronsporen aangelegd.
";;;;;;;;;;
Talud;;;een helling/glooiing, schuinte van het zijvlak van aardwerken, dijken, spoorwerken, vestingwerken;;;;;Ref. Van Dale;;;;;;;;;;
Tankinstallatie;;;een installatie voor de opslag van brandstof, inclusief de mogelijkheden om spoorvoertuigen van brandstof te voorzien op een milieuverantwoordelijke wijze.;;;;spoorvoertuig;Conform de wet milieubeheer.;;;;;;;;;;
Tankplaat;;;een bodem beschermende voorziening  ten behoeve van het tanken van spoorvoertuigen, al of niet voorzien van een tankinstallatie.;;;;spoorvoertuig, tankinstallatie;Zie ook: https://otl.prorail.nl/otl/vigerend/Tankplaat ;;;;;;;;;;
Te benutten infra;;;Te benutten infra zijn infradelen vrijgegeven voor gebruik.;;;;;"De toestemming om de railinfrastructuur te gebruiken wordt verleend in de infradelen.

N.B.: een “vrijgave gebied” is een opsomming van infradelen, maar kan wel als geaggregeerde eenheid van in-fra-toekenning gebruikt worden.";;;;;;;;;;
TSI;;;Technical Specification for Interoperability (tsi) is de Europese normgeving betreffende de interoperabiliteit van het Trans-Europees spoorwegsysteem. ;;;;;;;;;;;;;;;
Technische eenheid;;;Van de spoorwegen: een stelsel van kenmerken voor uniformiteit aangaande technische gelijkheid voor voertuigen die één of meer landsgrenzen passeren.;;;;;;;;;;;;;;;
Tegensein;;;een sein in de tegenrichting ten opzichte van de actuele rijrichting.;;sein;;;;;;;;;;;;;
Telerail;;;een communicatiesysteem op treinen tussen machinist en verkeersleiding.;;;;trein, machinist, verkeerleiding;Is sinds 2006 vervangen door GSM-R.;;;;;;;;;;
Terugzetten;;;het verplaatsen van materieel tegen de ingestelde rijrichting in onder een hetzelfde treinnummer.;;;;materieel, treinnummer;"De rijrichting wordt niet gekeerd. 
Zie ook kopmaken en keren";;;;;;;;;;
Test locatie;;;"een plaats waar testen plaatsvindt:
1.	In operationele railinfra (indienstgesteld gebied) 
2.	in niet operationele railinfra (buitendienstgesteld gebied)";;;;;"In beide gevallen is een TvG nodig.
3.	Bij de leverancier
4.	Bij ProRail ";;;;;;;;;;
Testen;;;een activiteit waarin de werking van een asset wordt beoordeeld.;;;;asset;;;;;;;;;;;
Tijdvenster;;;het aantal minuten vóór of na het actueel geplande insteltijdstip van de planregel waarbinnen de  treinaankondi-ging moet plaatsvinden om de rijweginstelling van de planregel automatisch door ARI te laten uitvoeren.;;;;rijweginstelling;"Dit geldt alleen voor aangekondigde rijwegen (vanaf een inrijsein waarvoor aankondigingen zijn geconfigureerd; normaliter is dat het geval voor de treinactiviteiten Aankomst, Korte stop en Doorkomst). «afbeelding»
Het tijdvenster wordt per PPLG ingesteld door de treindienstleider.";;;;;;;;;;
Toegangsbewijs;;;een document dat toegang geeft tot niet voor het publiek toegankelijke delen van de railinfrastructuur en omlig-gende grond, in beheer bij ProRail.;;;;railinfrastructuur, beheer;;;;;;;;;;;
Toegangsovereenkomst;;;"een overeenkomst tussen ProRail en een gerechtigde over het gebruik van capaciteit en bevat in ieder geval bedingen over:
a. de door ProRail te bieden kwaliteit van de hoofdspoorweginfrastructuur; 
b. de gebruiksvergoeding.";;;;gerechtigde, capaciteit, gebruiksvergoeding;"Zie art. 59 van de Spoorwegwet 
Zie ook: capaciteitsovereenkomst.";;;;;;;;;;
Toegangssein;;;een sein dat aanwijzingen geeft alvorens een gebied kan worden ingereden.;;sein;;gebied;"Het kan zowel een bord als variabel sein zijn; de aanwijzingen (teksten bij borden) betreffen vaak het contact opnemen met een opzichter of treindienstleider. Ingeval van een variabel sein betreft het de algemeen gangbare betekenissen van het voorstaande seinbeeld.";;;;;;;;;;
Toelatingsnormen;;;normen die aangeven welk materieel op welke infradelen mag rijden of welke lading (gevaarlijke stoffen) over welke infradelen vervoerd mag worden.;;;;materieel, infradeel, gevaarlijke stof;;;;;;;;;;;
Toestemming voor afwijking;TvA;;toestaan dat een asset permanent afwijkt van bedrijfsvoorschriften en/of wettelijke regelgeving van een product. ;;;;;Dit is geregeld met PRC00256.;Afwijkende perronlengte, plaats van het sein of afwijkende software architectuur.;;;;;;;;;
Toestemming voor gebruik;TvG;;"toestaan dat tijdens een project op een bepaalde locatie
een niet vrijgegeven asset (AM) of product (ICT) tijdelijk wordt getest.
";;;;asset;Na afloop van de TvG periode volgt vrijgave, eventueel na tussentijdse aanpassing/correctie van het asset of product. Indien geen vrijgave volgt, wordt de asset of product verwijderd uit de infra.;;;;;;;;;;
Toewijzen;;;het toestemming geven van infragebruik via een toegangsovereenkomst door ProRail.;;;;infragebruik, toegangsovereenkomst;;;;;;;;;;;
Tonmetergewicht;;;het gewicht in tonnen dat een trein gemiddeld per strekkende meter weegt.;;;;trein;;;;;;;;;;;
Topologie-object;;;"een fysiek puntobject dat speciaal geselecteerd is als elementaire drager van de kale 
micro topologie.";;;;micro topologie;"Er zijn drie verschillende soorten Topologie-objecten:
•	wissels (fysieke vertakkingen)
•	stootjukken (fysieke eindpunten)
•	terra incognita´s (administratieve eindpunten nabij landsgrens en particulier terrein). 

Zie ook: https://otl.prorail.nl/otl/vigerend/Micro-Topo-Object-Baan";;;;;;;;;;
Topologie-objectpoot;;;één van de kanten van een topologie-object. ;;;;topologie-object, kantcode, wissel, stootjuk;"Deze kanten wordt gespecificeerd met behulp van een kantco-de: in het geval van een wissel is dit ""L"" voor de linkerpoot, ""R"" voor de rechterpoot en ""V"" voor de voorpoot. Stootjukken en terra incognita´s hebben slechts één kant die wordt beschouwd als de voorpoot. ";;;;;;;;;;
Tracéwet;;;een wettelijke regeling met als doel te komen tot een integratie van procedures, betere coördinatie van de be-sluitvorming op Rijks- en lager niveau (integrale afweging van alle belangen, die bij de tracévaststelling spelen) inclusief  ‘sancties’ en het verbeteren van de rechtszekerheid voor burgers. ;;;;;"Deze wet is van toepassing op aanleg/uitbreiding van spoorlijnen. 
";;;;;;;;;;
Tractie;;;de uitgeoefende kracht van de voortbewegingsinrichting van een spoorvoertuig.;;;;spoorvoertuig;;;;;;;;;;;
Tractie-energievoorzieningssysteem;TEV;;een systeem, onderdeel uitmakend van de railinfrastructuur, ten behoeve van de tractie-energievoorziening.;;;;railinfrastructuur, tractie, energievoorziening;"Er zijn verschillende tractievormen, ieder met zijn eigen manier van energievoorziening.
De twee meest voorkomende zijn:
•	elektrische tractie met bovenleidingen en onderstations als energievoorziening;
•	dieseltractie met dieseltankinstallaties.";;;;;;;;;;
Tractiegroep;;;een keten van tractietransformatoren en tractie-gelijkrichters, inclusief de kabelverbindingen vanaf de hoogspanningsverdeelinrichting (HVI) en de gelijkstroomverdeelinrichting (GVI).;;;;tractie, gelijkrichter, hoogspanningsverdeelinrichting, gelijkstroomverdeelinrichting;;;;;;;;;;;
Tractievoedingssysteem;;;een deelsysteem van het tractie-energievoorzieningssysteem, bedoeld voor het transporteren, transformeren en verdelen over voedingsecties van tractie-energie.;;;;tractie-energievoorzieningssyteem;"De hiervoor benodigde apparatuur is ondergebracht in gebouwen en opstellingen langs de spoorbaan. Daarbij zijn te onderscheiden:
•	onderstations;
•	autotransformatorstations;
•	schakelstations;
•	kabelovergangskasten.";;;;;;;;;;
Tractievorm;;;het voortstuwingsmechanisme waarmee een beweging in gang wordt gezet of in stand wordt gehouden.;;;;beweging;het corresponderende materieeltype en in het geval van locomotieven het aantal hiervan vastgelegd. Tractie-vormen worden als invoerparameter gebruikt bij de rijtijdmodule voor bepalen van dienstregelingssnelheid etc. Daarnaast vormen de tractievormen de basis voor de alternatieven aan materieelsamenstellingen (“tractie equivalenten”);"E1600 = Elektrische locomotief type 1600
E16D1 = Combinatie Elektrische locomotief type 1600 met 7 of 8 dubbeldek bakken
D6403 = 3 Diesellocomotieven type 6400";;;;;;;;;
Traject;;;de sommatie van trajectdelen (lijn die dienstregelpunten en dienstregelpuntverbindingen verbindt) waarover een trein (in de tijd) zijn posities achtereenvolgens zal/kan innemen of ingenomen heeft.;;;;trein;;;;;;;;;;;
Trajectdeel;;;bestaat uit één of meerdere aaneengesloten dienstregelpuntverbindingen die als geheel een functie vervullen in logistiek of capaciteitsmanagement.;;;;;"Een dienstregelpunt verbinding is dus een topologische verbinding tussen twee dienstregelpunten, ook waar dienstregelpunten elkaar raken, en er geen vrije baan is.
Een trajectdeel is dus de kleinste bouwsteen waarmee een spoorlijn, traject of corridor (op macroniveau) wordt opgebouwd.

Deze gebieden hebben onderling een relatie/afhankelijkheid met elkaar. Vanuit het model zouden veel van deze relaties/afhankelijkheden afgeleid kunnen worden. Hieronder volgt een opsomming van de gebiedsrela-ties/afhankelijkheden.
•	Een traject is opgebouwd uit trajectdelen.
•	Een dienstregelpunt behoort tot één of meerdere trajectdelen.
•	Een corridor loopt door één of meerdere geocodes.
•	Een spoorlijn gaat door één of meerdere geocodes.
•	Een dienstregelpunt ligt in een geocode";;;;;;;;;;
Transferinfra;railinfrastructuur;;;;;;;;;railinfrastructuur;;;;;;;;
Traverse;perronbrug, luchtbrug;;de bovenlangse dwarsverbinding tussen perrons onderling en eventueel het stationsgebouw;;;;perron, stationsgebouw;De tegenhanger hiervan is de perrontunnel die onderlangs de dwarsverbinding is tussen perrons onderling en eventueel het stationsgebouw.;;;;;;;;;;
Trein;;Besluit spoorverkeer;een spoorvoertuig of samenstel van spoorvoertuigen.;;;;spoorvoertuig;;;;;;;;;;;
Trein;;;een beweging voor het vervoer van reizigers of goederen, of de overbrenging van leeg materieel, met een bepaalde infrainzet volgens een gepland tijdschema.;;beweging;;infrainzet;;;;;;;;;;;
Treinactiviteit;;;een bewegingsactiviteit van een beweging die als trein gekwalificeerd is. ;;bewegingsactiviteit;;trein;"Een treinactiviteit wordt als walwaarneming van een treinbeweging vastgelegd.
Treinactiviteiten worden in chronologische volgorde gepland en uitgevoerd, de kenmerken plantijd, uitvoerings-tijd (wordt tijdens de uitvoering indien gemeten vastgelegd) en volgorde worden als eigenschappen vastgelegd.

Unieke identificatie
In de productplansystemen (Basisuurpatroon, Jaarplan, Dagplan en Lokaal Plan Productplan) is de identificatie grotendeels artificieel en zijn essentiële kenmerken als geldigheid, activiteitsoort en primair gebied als eigen-schappen daaraan toegevoegd.

Identificatie treinactiviteiten per VPT-deelsysteem 
Basisuurpatroon	BUP-Treinnr	Volgnummer				
Jaarplan	treinnummer
Treinletters	Variantnummer	Volgnummer		
Dagplan	treinnummer
Treinletters	Variantnummer	Volgnummer		
Lokaal Plan
Productdeel	treinnummer
Treinletters	Aanvang-
kalenderjaar	Aanvang-
week	Aanvang-
geldigheid
Volgnummer
Lokaal Plan
Procesdeel	treinnummer
Treinletters	Treindatum	activiteitsoort
Dienstre-gel-punt	
verkeersleiding
treinnummer
Treinletters	Treindatum	activiteitsoort
Dienstre-gel-punt	
Procesleiding	treinnummer
Treinletters	Treindatum	Activiteitsoort	Dienstre-gel-punt	
Tabel 3: Identificatie treinactiviteiten per VPT-deelsysteem";;;;;;;;;;
Treinafhandeldocument;TAD;;een document waarin wachttijden reizigers en afhandelstrategieën vertraging per werkplek treindienstleider  zijn vastgelegd.;;;;vertraging, werkplek, treindienstleider;;;;;;;;;;;
Treinbeweging;;;een beweging voor het vervoer van reizigers of goederen, of de overbrenging van leeg materieel, met een bepaalde infrainzet volgens een gepland tijdschema.;;beweging;;infrainzet;"Binnen (ProRail) logistiek is het gangbaar om over een trein te spreken waar een treinbeweging bedoeld wordt. Daarbij wordt een trein geïdentificeerd met een treinnummer en t.b.v. de unieke identificatie van het grensver-keer met België aangevuld met twee treinletters.

Een trein doorloopt (normaliter) in het proces van planning tot uitvoering een drietal fasen (= oude VPT-situatie; t.z.t. komt een vergelijkbare Donna-situatie met de planningsfasen: BasisUren, BasisDagen en SpecifiekeDa-gen).

1.	Basisuurpatroon-trein (BUP-trein)
Door de planners van NSR wordt een basisuurpatroon opgesteld voor een (deel)treinserie, de zogenaam-de BUP-Trein. Er wordt een BUP-Trein gemaakt per rijrichting van het traject en eventueel voor de dal/ochtend of avondspits.
2.	Patroonplan-Trein (PP-Trein).
De BUP-trein dient als basis voor de PP-trein. Van het basisuurpatroon wordt door de planners een pa-troonplan voor een standaardweek gemaakt. Daarnaast worden de uitzonderingen op dit patroon vastge-legd m.b.v. periodegeldigheden en bijzondere verkeersdagen, de zogenaamde PP-Treinvariant. Bij de      modellering van een PP-trein wordt het principe gehanteerd dat men niet dag voor dag vastlegt hoe alle treinen      zullen rijden, maar dat men het patroon opslaat tezamen met de uitzonderingen op het patroon.
3.	Concreetplan-trein (CP-trein).
De PP-Treinvariant dient als basis voor de CP-trein. Van het patroonplan wordt een concreetplan voor een 
bepaalde verkeersdag gemaakt, door het patroonplan te effectueren voor een concrete dag. De actuele CP-trein zal naast de plan- ook de uitvoeringstrein zijn (oftewel: bij de treinactiviteiten van de actuele CP-trein worden ook de uitvoeringstijden vastgelegd).

Treinletters worden alleen gebruikt in het grensverkeer met België, daar waar het een loc-wissel aan de grens betreft, voor de trein die de Belgische locomotief aanvoert/afvoert over Belgisch grondgebied. 
De NMBS hanteert hetzelfde treinnummer voor de internationale trein als voor de trein die de Belgische locomo-tief aanvoert/afvoert. Deze “aan- en afvoertreinen” zijn ook opgenomen in de plannen (uitgezonderd BUP) van de NS. Volgens NS-richtlijnen moet iedere trein per patroon/verkeersdag een uniek treinnummer hebben. Door-dat treinletters zijn toegevoegd aan de unieke identificatie van een trein, is het mogelijk te conformeren aan de werkwijze van de NMBS. Omdat voor alle overige treinen de treinletters niet gebruikt worden (waarde: spaties) wordt de NS-richtlijn m.b.t. unieke treinnummers per trein per patroon/verkeersdag voor het treinverkeer binnen de landsgrenzen overeind gehouden.
Momenteel worden de treinletters EL, EM en ZL gebruikt voor treinen die de Belgische loc afvoeren en worden de treinletters LE, ME en LZ gebruikt voor treinen die de Belgische loc aanvoeren.

Unieke identificatie:
BUP-trein:   BUP-treinnummer
PP-trein:    treinnummer, Treinletter
CP-trein:    treinnummer, Treinletters, Treindatum";"Stoptreinen op het traject Leiden - Den Haag Centraal en v.v.
Internationale trein op traject Luik - Amsterdam en v.v. alsmede trein die Belgische loc aanvoert/afvoert.

Voorkomen in systeem
BUP-trein in Basisuurpatroon.
PP-trein in (VGB-)Jaarplan, Dagplan en het product-gedeelte van Lokaal Plan
CP-trein in Proces-gedeelte van Lokaal Plan en (VGB-)verkeersleiding.";trein;;;;;;;;
Treindetectie;;;de techniek om de aanwezigheid van een spoor-, bijzondere- of railwegvoertuig vast te stellen op een bepaalde plaats op de railinfrastructuur.;;;;;"Eén van de technieken is het onderbreken van de spoorstroomloop tussen spoorstaven; hiervan bestaan ver-schillende varianten (zie bijv. GRS- en otc-spoorstroomloop)
Een andere techniek is met behulp van assentellers, waarbij kortsluitlanzen niet toepasbaar zijn.

Ten onrechte wordt dit soms “spoordetectie”  genoemd. Er worden echter geen sporen gedetecteerd.
";;;;;;;;;;
Treindetectiesysteem;;;een systeem dat aangeeft dat een afgebakend gedeelte van de railinfrastructuur bezet wordt door een spoor-voertuig of een samenstel van spoorvoertuigen.;;;;systeem, railinfrastructuur, spoorvoertuig;Binnen ProRail worden drie technieken toegepast: spoorstroomlopen, passeerdetectie en discontinue detectie-middelen zoals pedalen.;;;;;;;;;;
Treindienst;;;"Een treindienst is het samenhangend geheel aan processen gericht op:
•	de inzet van de productiemiddelen infra, materieel en personeel;
•	de uitvoering van bewegingen en bijbehorende bewegingsactiviteiten.";;;;infra, beweging, bewegingsactiviteit;;;;;;;;;;;
Treindienstleider;;;"een medewerker van ProRail/verkeersleiding die belast is met het leiden van de treindienst voor zover het het ""vrijgeven infra""-proces van een afgebakend deel van de railinfrastructuur betreft, zonder de bijsturing van ma-terieel en (rijdend)personeel.";;;;medewerker, verkeersleiding, treindienst, vrijgeven infra, railinfrastructuur, bijsturing, materieel;;;;;;;;;;;
Treindienstleiding;;;"een besturingseenheid, verantwoordelijk voor: 
•	het tijdig vrijgeven van rijwegen en tijd/ruimteslots;
•	het treffen van veiligheidsmaatregelen bij verstoringen en werkzaamheden;
•	afhandelen van lokale orders; verwerken van bovenlokale orders in rijwegenplan;
•	monitoring: bepalen en toewijzen van oorzaken van vertragingen.";;;;vrijgeven, toewijzen;;;;;;;;;;;
Treindienstleidersgebied;;;een samenhangend geheel van enkele onderling verbonden PPLG’s en NCBG’s en bepaalde bijbehorende (omliggende) vrije banen waar de treindienstleider verantwoordelijk voor is. Deze gebieden hoeven niet onder-ling verbonden te zijn.;;;;treindienstleider;;;;;;;;;;;
Treingewicht;;;de som van de totale gewichten van de spoorvoertuigen.;;;;;;;;;;;;;;;
Treinnummer;;;identificeert een trein uniek (voor het grensverkeer met België in combinatie met treinletters) op een geplande treindatum.;;;;trein;"Aan het gebruik van treinnummers hangt een aantal eisen en een bepaalde semantiek vast. 
De eisen m.b.t. de treinnummering omvatten bijvoorbeeld dat:
1.	elk treinnummer mag in het gehele land op een bepaalde verkeersdag slechts eenmaal voorkomen. Een uitzondering hierop, vormt het grensoverschrijdend verkeer met België.
2.	een geplande trein bestaat uit 5 cijfers, een door de verkeersleiding ingelegde trein uit maximaal 6 cijfers.

De semantiek m.b.t. treinnummering omvat bijvoorbeeld dat:
1.	voor binnenlandse reizigerstreinen in de richting van Amsterdam hebben een even getal; de treinen vanuit de richting Amsterdam hebben een oneven getal. Voor internationale reizigerstreinen gaat dit niet op.
2.	indien een NSR-trein wordt gesplitst waarbij een deel van de trein onder hetzelfde treinnummer doorrijdt, dan heeft de vleugeltrein als treinnummer de opsomming van het oude treinnummer en 20000 of 30000. 
3.	de laatste twee cijfers van het treinnummer vormen het volgnummer van de reizigerstrein in de desbetref-fende treinserie.
4.	internationale goederentreinen bestaan uit 5 cijfers en zijn als volgt opgebouwd: abcde met a = 4, b = code-ring betreffende de treinsamenstelling; 
0	voor Freeways;
1 tot 3 	voor Gecombineerd vervoer;
4 tot 7	voor Homogeen vervoer;
8 tot 9 	voor Dichte wagons met stuk-lading;
cd  	volgorde/ruimte om het treinnummer op een dag uniek te houden.
e	codering voor de richting
Oneven voor richting Noord-Zuid en West-Oost
5.	Binnenlandse voortreinen bestaan uit 6 cijfers waarvan het eerste cijfer een 1 is en de laatste posities het nummer van de bijbehorende hoofdtrein bevatten. De eventuele tussenruimte is met nullen is opgevuld.
6.	Binnenlandse volgtreinen bestaan uit 6 cijfers waarvan het eerste cijfer een 2 is en de laatste posities het nummer van de bijbehorende hoofdtrein bevatten. De eventuele tussenruimte is met nullen opgevuld.
7.	Internationale voor- en volgtreinen bestaan uit 6 cijfers waarvan de eerste twee cijfers 12 zijn en de laatste posities het nummer van de bijbehorende hoofdtrein bevat. 
8.	Vervangende treinen bestaan uit 6 cijfers waarvan het eerste cijfer een 3 is en de laatste posities het nummer van de bijbehorende hoofdtrein bevatten. De e.v.t. tussenruimte is met nullen opgevuld.

Voor alle VPT-systemen geldt dat de eisen aan treinnummers in het datamodel zijn opgenomen en worden af-gedwongen, maar dat de semantiek van treinnummers niet is gemodelleerd en zeker niet wordt afgedwongen. De semantiek van de treinnummers staat of valt met de gehanteerde werkwijze van de gebruikers van de VPT-systemen.
De praktijk leert dat de gebruikers gedisciplineerd en volgens de semantiek met treinnummers omgaan. Een nadeel van de semantiek in de treinnummers is dat het beperkingen oplegt m.b.t. vrij te gebruiken treinnummers (voor de ongeveer 8000 dagelijkse treinen op het Nederlandse spoornet wordt een veelvoud aan treinnummers gereserveerd).";"Voorbeelden van treinnummers (zie ook bij “trein”)
BUP-trein:
A5000 vertrekt om -.23 uit Ledn en komt om -.42 aan in Gv.
B5000 vertrekt om -.50 uit Gv en komt om -.09 aan in Ledn

PP-trein:
trein 5043, ‘  ‘ vertrekt op maandag t/m zaterdag om11.23 uit Ledn en komt om11:42 aan in Gv.
trein 5047, ‘  ‘ vertrekt op maandag t/m zaterdag om12:23 uit Ledn en komt om12:42 aan in Gv
trein 5051, ‘  ‘ vertrekt op maandag t/m zaterdag om13:23 uit Ledn en komt om13:42 aan in Gv

trein 5008, ‘  ‘ vertrekt op maandag t/m vrijdag om 05:50 uit Gv en komt om 06:09 aan in Ledn.
trein 5028, ‘  ‘ vertrekt op maandag t/m zaterdag om 10:50 uit Gv en komt om 11:09 aan in Ledn.
trein 5032, ‘  ‘ vertrekt op maandag t/m zaterdag om 11:50 uit Gv en komt om 12:09 aan in Ledn.

trein 1138, ‘   ‘  vertrekt op maandag t/m vrijdag om 18:54 uit Luik (B)  en komt om 22:23 aan in Asd.
Trein 1138, ‘EL’ vertrekt op maandag t/m vrijdag om 19:31 uit Mt en komt om 19:44 aan in Fvs (B).
Trein 1139, ‘   ‘  vertrekt op zaterdag t/m zondag om 07:36 uit Asd en komt om 10:57 aan in Luik (B).
Trein 1139, ‘LE’ vertrekt op zaterdag t/m zondag om 09:44 uit Fvs (B) en komt om 10:00 aan in Mt. 

CP-Trein
Trein 5043, ‘   ‘, 29-06-1999 vertrek: 29-06-1999 11:23 uit Ledn, aankomst: 29-06-1999 11:42 in Gv.
Trein 5047, ‘   ‘, 29-06-1999 vertrek: 29-06-1999 12:23 uit Ledn, aankomst: 29-06-1999 12:42 in Gv.
Trein 5043, ‘   ‘, 30-06-1999 vertrek: 30-06-1999 11:23 uit Ledn, aankomst: 30-06-1999 11:42 in Gv

Trein 5043, ‘   ‘, 31-06-1999 vertrek: 31-06-1999 11:23 uit Ledn, aankomst: 31-06-1999 11:42 in Gv.

Trein 5008, ‘   ‘, 29-06-1999 vertrek: 29-06-1999 05:50 uit Gv, aankomst: 29-06-1999 06:09 in Ledn.

Trein 1138, ‘   ‘, 29-06-1999 vertrek: 29-06-1999 18:54 uit Luik, aankomst: 29-06-1999 22:23 in Asd.
Trein 1138, ‘EL’, 29-06-1999 vertrek: 29-06-1999 19:31 uit Mt, aankomst: 29-06-1999 19:44 in Fvs. 

Treinletters worden alleen gebruikt in het grensverkeer met België, daar waar het een loc-wissel aan de grens betreft, voor de Trein die de Belgische locomotief aanvoert/afvoert over Belgisch grondgebied. ";;;;;;;;;
Treinpad;pad;;;;;;;;;pad;;;;;;;;
Treinradio;;;een voorziening voor draadloze communicatie tussen treinpersoneel en walpersoneel dat bij het vervoersproces betrokken is.;;;;vervoersproces;De meeste communicatie vindt plaats tussen de machinist en de treindienstleider.;telerail en  GSM-R;;;;;;;;;
Treinserie;;;een groepering van treinen die op basis van een gezamenlijk patroon gepland worden en rijden (=globaal gezien hetzelfde traject rijden). ;;;;trein, traject;"Een treinserie wordt aangeduid met een nummer, normaal gesproken een honderdtal, dat tegelijkertijd fungeert als treinnummer range voor de treinnummers van de treinen die tot die treinserie behoren. 

Toelichting
Een treinserie binnen VPT heeft drie verschijningsvormen namelijk als Basisuurpatroonnummer, als Treinnum-merrange en als verzameling van Treinnummerranges.

Basisuurpatroonnummer
Een Basisuurpatroonnummer (BUP-nummer) identificeert een BUP uniek.

Treinnummerrange
Een Treinnummerrange is een range van treinnummers begrensd door een begin treinnummer en een eind treinnummer, waarbij het begin treinnummer kleiner is dan het eind treinnummer en ranges van treinseries el-kaar niet mogen overlappen. Treinen binnen een treinserie hebben dezelfde vervoerder en rijkarakteristiek en rijden over hetzelfde traject.

Treinnummerranges
In het systeem Crews is het mogelijk om treinnummerranges te groeperen tot een verzameling, die in zijn ge-heel als treinserie wordt beschouwd.

Unieke identificatie
Basisuurpatroon (deel-treinserie):		BUP-nummer
Jaarplan, Dagplan, Procesleiding:		Begintreinnummer
verkeersleiding:			Begintreinnummer, Eindtreinnummer
CREWS:				Verzameling van Begintreinnummers

Voorbeeld Basisuurpatroonnummer
Basisuurpatroon van treinserie 5000 - 5099 bevat de volgende BUP-nummers, die ieder weer een aantal trein-nummers bevatten:

BUP-NR	TREINNUMMERS	VERTREK
-TIJD	traject
geldigheidA5000	5043,5047,5051,5055,5075,5079,5083,5087,5091,5095	-.23	Ledn-Gv	DAL
B5000	5008,5028,5032,5036,5040,5044,5064,5068,5072,5076,5080	-.50	Gv-Ledn	DAL
C5000	5033,5037,5041,5045,5049,5053,5069,5073	-.53	Ledn-Gv-Rtd-Rld	DAL
D5000	5010,5026,5030,5034,5038,5042,5046,5050	-.41	Rld-Rtd-Gv-Ledn	DAL
E5000	5023,5027,5031,5035,5039,5059,5063,5067,5071	-.23	Ledn-Gv-Rtd-Ddr	SPITS
F5000	5012,5016,5020,5024,5048,5052,5056,5060	-.50	Ddr-Rtd-Gv-Ledn	SPITS
G5000	5077,5081,5085,5089,5093	-.53	Ledn-Gv-Rtd	(AVOND)DAL
H5000	5070,5074,5078,5082	-.53	Rtd-Gv-Ledn	(AVOND)DAL
I5000	5021,5025,5057,5061,5065	-.53	Ledn-Gv-Rtd-Ddr	SPITS
J5000	5014,5018,5022,5054,5058,5062	-.41	Ddr-Rtd-Gv-Ledn	SPITS
Tabel 4 Link BUP-treinen met concreet plan treinen";"Voorbeeld Treinnummerrange
Treinserie 5000 – 5099 bevat stoptreinen van NSR op het traject Ledn-Gv-Rtd-Rlb e.o.

Voorbeeld Verzameling Treinnummerrange
treinserie 9500 - 9599, 19500 - 19599, 19900 -19999 bevat treinen van NSR op het traject Gd-Apn /Ledn e.o.";;;;;;;;;
Treinstel;;;een spoorvoertuig met eigen voortbeweginginrichting, bestemd voor het vervoer van personen en goederen, niet zijnde een spoorvoertuig met eigen voortbeweginginrichting, hoofdzakelijk bestemd en ingericht om andere spoorvoertuigen voort te bewegen.;;spoorvoertuig;;;;;;;;;;;;;
Treintype;;;een nadere typering van een Trein tot goederentrein, reizigerstrein, werktrein, losse loc of een ledig materieel Trein.;;;;werktrein;"Voor gebruikers van de centrale planningssystemen is de mogelijkheid voor het bewerken van treinen gekop-peld aan het treintype waarvoor men is geautoriseerd.
In VKL bepaalt het treintype de presentatie van treinen op het Tijdweg-diagram. De centrale planningsystemen bevatten een extra abstractieniveau voor treintype toekenningen, namelijk het selectiecriterium voor de presen-tatie op één van de vier delen van de Tijdtafel Dienstregeling (TDR) dit wordt TDR type toekenning genoemd en is als een aparte eigenschap gemodelleerd. VKL en PRL maken geen onderscheid in deze en kennen alleen het abstractieniveau van Trein type toekenningen. In VPT is iedere rijkarakteristiek toegekend aan een bepaald treintype.";"De actuele verzameling treintypen is

Code	Omschrijving
G	Goederen
R	Reizigers
W	Werktreinen
L 	Losse Loc
M²	Ledig Mat
Tabel 5: treintypen";;;;;;;;;
Treinveiligheidsbericht;;;een bericht, dat direct betrekking heeft op de veiligheid van het treinverkeer.;;;;treinverkeer;;;;;;;;;;;
Treinverkeer;spoorverkeer, railverkeer;;het geheel van trein- en rangeerbewegingen.;;;;;;;;;;;;;;;
Treinvoorverwarming;voorverwarming;;een periode waarin volgens de planning (dienstregeling) in een bepaald gebied geen treinverkeer plaatsvindt.;;;;dienstregeling, gebied, treinverkeer;;;;;;;;;;;
TreinVrije Periode;TVP;;;;;;;;;;;;;;;;;
Tunnel;;;een kunstmatig aangelegde, kokervormige gang onder iets door.;;;;;"Een tunnel is binnen de civiele techniek een voorbeeld van een kunstwerk:
Bij de Betuweroute wordt een fly-over met overdekking (koker) ook gezien als een tunnel.

Zie ook: https://otl.prorail.nl/otl/vigerend/Tunnel";;;;;;;;;;
Tunnelbak;;;een betonnen bak, die onder het maaiveld wordt aangelegd, waardoor het spoor verdiept komt te liggen, maar niet overdekt is. ;;bak;;spoor;;;;;;;;;;;
Uithaalspoor;;;een spoor in het verlengde van een bundel parallel liggende sporen met als doel een Trein van het ene naar het andere spoor te kunnen rangeren.;;spoor;;rangeren;Zie ook tailtrack en keerspoor;;;;;;;;;;
Uitvoeringstijd;;;het datumtijdstip waarop een bepaalde activiteit daadwerkelijk is uitgevoerd.;;;;;"Voor verkeersleiding specifiek:
een activiteit in deze context is een Trein- , rangeer-, materieel-, personeel-, of behandelactiviteit.
Uitvoeringstijden worden vastgelegd bij treinactiviteiten. Doordat treingebonden materieel- en personeelactivitei-ten refereren naar een begin- en eindtreinactiviteit, wordt bij deze activiteiten ook indirect uitvoeringstijden vast-gelegd. Bij rangeer- en behandelactiviteiten worden (nog) geen uitvoeringstijden vastgelegd.";;;;;;;;;;
Under sleeper pad;USP, dwarsliggermat;;een onder de dwarsligger gelegen mat, ter compensatie van de elasticiteit, dan wel van (geluids)trillingen.;;;;dwarsligger;Een under sleeper pad vormt één geheel met dwarsliggers.;;dwarsliggermat;;;;;;;;
Unit cargo;;;de Engelse benaming voor wagenladingvervoer (gemengde lading per Trein).;;;;;"Dit resulteert in een bonte Trein (geschikt voor goederen die in of op één wagon passen). In dit productiesys-teem vindt vervoer plaats van eenheden van minder dan één Trein; aan het eind van de werkdag worden de wagens opgehaald en bij het begin van de werkdag op de bestemming geplaatst. De wagens worden verza-meld op een hoofdrangeerstation zo dicht mogelijk bij de bestemming. Van hieruit worden de wagens weer ver-deeld. Dit systeem kenmerkt zich door “veel rangeren”. ";;;;;;;;;;
Valideren;;;een activiteit waarbij de validator objectief beoordeelt of het product voldoet aan door de aanvrager gestelde eisen voor een specifiek beoogd gebruik. ;;;;;"Conform EN 50126-1:1999.

De validatie wordt uitgevoerd door een projectonafhankelijke inhoudsdeskundige. 
Eisen waaraan moet worden voldaan zijn: 
•	De gevraagde functionaliteit
•	RAMSHE en LCC specificatie
•	De in het VMS genoemde risico’s. ";;;;;;;;;;
Variabel sein;;;een sein dat onder aansturing van bediening of beveiliging verschillende seinbeelden kan tonen.;;sein, beveiliging;;;"De tegenhanger (een “vast” sein) wordt in dit document aangeduid als een bord.

Zie ook: https://otl.prorail.nl/otl/vigerend/Variabel-Sein";;;;;;;;;;
Vast sein;bord;;;;;;;;;bord;;;;;;;;
Vastpuntdraad;;;een verankering van de rijdraad halverwege 2 beweegbare afspaninrichtingen.;;;;rijdraad, afspaninrichting;;;;;;;;;;;
Veegtrein;;;de eerste Trein die na een treinvrije periode (bijv. de nacht) met beperkte snelheid over een baanvak rijdt om de baan te inspecteren op ongewenste hindernissen in en op het spoor.;;;;treinvrije periode, inspecteren, spoor;;;;;;;;;;;
Veilig;;;buiten gevaar, beschermd tegen personen of gevaren, die iemand bedreigen.;;;;;Ref. Van Dale;;;;;;;;;;
Veiligheidsfunctie;;;"Als veiligheidsfuncties binnen het hoofdspoorwegverkeerssysteem worden aangewezen de functies van:
a.	machinist met volledige bevoegdheid;
b.	machinist met beperkte bevoegdheid;
c.	rangeerder;
d.	wagencontroleur;
e.	treindienstleider met volledige bevoegdheid;
f.	treindienstleider met minimale bevoegdheid.";;;;;Definitie (Besluit spoorwegpersoneel, Artikel 2);;;;;;;;;;
Veiligheidsman;;;een medewerker verantwoordelijk voor het waarschuwen van het personeel voor spoorvoertuigen die de werkplek naderen. Hij waarschuwt voor spoorvoertuigen op het spoor waar gewerkt wordt en voor spoor-voertuigen op de nevensporen.;;medewerker;;spoorvoertuig, werkplek, spoor;;;;;;;;;;;
Veiligheidsonderzoek;;;een onderzoek naar aanleiding van een bijzonder voorval.;;;;bijzonder voorval;;;;;;;;;;;
Veiligheidsopdracht;;;een opdracht, van de treindienstleider aan de machinist, die de machinist om veiligheidsredenen moet uitvoeren.;;;aanwijzing, alarmoproep;treindienstleider, machinist;"Er zijn twee soorten veiligheidsopdrachten:
•	aanwijzing
•	alarmoproep

Toelichting
Een veiligheidsopdracht overruled een seinbeeld. In het spraakgebruik wordt ook “directe veiligheidsopdracht” gebruikt, omdat het directe (menselijke) communicatie met de machinist betreft, anders dan wat seinen en bor-den doen.";;;;;;;;;;
Veiligheidspaspoort;;;een document waaruit de bevoegdheid blijkt tot het verrichten van daarin genoemde veiligheidsfuncties.;;;;veiligheidsfunctie;;;;;;;;;;;
Veiligheidsregelgeving;;;het geheel van voorschriften, gericht op het in stand houden en bevorderen van een veilige deelname aan het railverkeersysteem.;;;;railverkeersysteem;;;;;;;;;;;
Veiligheidsstoring;;;een storing die direct gevaar kan opleveren of opleverde voor de spoorwegveiligheid.;;storing;;;Dit geldt voor zowel infra als voor materieel.;;;;;;;;;;
Veiligheidstaak;;;een taak die direct invloed heeft op de spoorwegveiligheid en waaraan voor de uitvoering daarvan specifieke geschiktheids- en vaardigheidseisen zijn gesteld.;;;;spoorwegveiligheid;;;;;;;;;;;
Veiligheidstester;;;een apparaat waarmee kan worden vastgesteld of een bovenleidinggroep spanningsloos is.;;;;;;;;;;;;;;;
Veiligheidszorg;;;de managementfunctie die het veiligheidsbeleid vaststelt en uitvoert.;;;;;;;;;;;;;;;
Verdeelspoor;sorteerspoor;;het spoor waar wagens naar toe rollen die geheuveld zijn, om te kunnen worden gesorteerd.;;;;spoor, wagen, heuvelen;;;;;;;;;;;
Verdelingsbesluit;;;Beslissing over de verdeling van infradelen n.a.v. een ingediende order of een (voorziene) verstoring.;;;;infradeel, order, storing;;;;;;;;;;;
Verdelingsplan (ad hoc fase);;;een dienstregeling/infraplan opgebouwd uit de specifiekedagplannen van afzonderlijke infragebruikers, waarin de benodigde infrainzet is toegewezen.;;;;dienstregeling/infraplan, specifiekedagplan, infragebruiker, infrainzet;"Het verdelingsplan zet zich tijdens de uitvoering voort in een verkeersplan en verschillende procesplannen-rijwegen
Zie bijlage 5.2: “Van patroonbeweging tot procesplan”";;;;;;;;;;
Verdelingsplan (jaardienst);;;een dienstregeling/infraplan opgebouwd uit de basisdagenplannen van afzonderlijke infragebruikers, waarin de benodigde infrainzet is toegewezen.;;;;dienstregeling/infraplan, basisdagplan, infragebruik, infrainzet;Zie bijlage 5.2: “Van patroonbeweging tot procesplan”;;;;;;;;;;
Verkanting;;;het bewust aangebracht hoogteverschil in de dwarsrichting tussen de spoorstaven van één spoor ter plaatse van een boog in dat spoor.;;;;spoorstaaf, spoorweg;"Dit ter compensatie van zijdelingse versnellingen. 

Toelichting
De zijdelingse versnelling is omgekeerd evenredig met de straal (R) van de boog volgens m.v2/R.
Vuistregel: bij een spoorwijdte van 1435 mm correspondeert een hoogteverschil (verkanting) van 153 mm met een zijdelingse versnelling van 1 m / sec2

Zie ook: https://otl.prorail.nl/otl/vigerend/Alignement-Verkanting";;;;;;;;;;
Verkeer;;;het zich bewegen of het vervoer van de voertuigen en personen die langs de weg gaan en komen.;;;;vervoer, voertuig;Ref. Van Dale Hier toegespitst op spoorwegen.;;;;;;;;;;
Verkeerd spoor;;;het gebruik van een rijrichting waartoe een spoor niet ingericht en niet beveiligd is.;;;;spoor;;;;;;;;;;;
Verkeersgebruik;;;het gebruik van de capaciteit van de infrastructuur voor verkeer. ;;;;capaciteit, infrastructuur, verkeer;"Dit in tegenstelling tot het gebruik van de infrastructuur voor beheer.

Toelichting
verkeer is te onderscheiden in rijdend en stilstaand verkeer.
beheer is het maken, onderhouden en vernieuwen van de infrastructuur. 

Binnen de spoorbranche:
•	rijdend gebruik is het rijden van de Trein, in- en uitstappen resp. laden en lossen, rangeerhandelingen t.b.v. het samenstellen van treinen.
•	stilstaand gebruik is het opstellen en verzorgen van spoorvoertuigen: inspecties, bevoorrading ver-bruiksmaterialen, hygiënische verzorging in- en uitwendig, kleine herstellingen.";;;;;;;;;;
Verkeersinformatie;;;informatie over de status van de hoofdspoorweginfrastructuur, zonder specifieke informatie op treinniveau en zonder reisadvies, waarbij tevens op treinserieniveau het aanbod of de realisatie van vervoer wordt aangegeven;;;;treinserie;"Dit betekent dat aangegeven wordt hoe de situatie op de hoofdspoorweginfrastructuur is en zal zijn, waarbij te-vens het aanbod/realisatie van vervoer wordt aangegeven; aanbod/realisatie wordt daarbij treinseriegewijs aangegeven. Dit is een verantwoordelijkheid van ProRail (bijsturing treinverkeer). ProRail verstrekt deze ver-keersinformatie aan de spoorwegondernemingen in het kader van het Basistoegangs-pakket volgens de bij de toegangsovereenkomst overeengekomen communicatieafspraken, alsmede aan informatieproviders.";"twee sporen versperd, geen treinverkeer mogelijk.
Voorbeelden van aanbod en realisatie zijn: “De intercity stopt extra op station Bunnik” of  “reizigers worden aangeraden via Den Bosch ….”
Deze informatie wordt o.a. gepubliceerd op teletekst. 
verkeersinformatie is op treinserieniveau, terwijl reisinformatie op treinniveau is. Zie ook reisinformatie.";;;;;;;;;
Verkeersleider;;;een medewerker die de verkeersleiding verzorgt.;;medewerker;;verkeersleiding;;;;;;;;;;;
Verkeersleiding;;;een bedrijfseenheid van ProRail, bestaande uit Logistieke Operatie (treindienstleiding, verkeersregie, en Inci-dentenbestrijding (ICB).;;;;treindienstleiding, verkeersregie, incidentenbestrijding;;;;;;;;;;;
Verkeersmodaliteit;;;"een, meestal vervoermiddel-afhankelijke, verschijningsvorm van bewegen of vervoer; binnen het railverkeer voornamelijk bepaald door de rijkarakteristiek.";;;;rijkarakteristiek;"Van Dale:
verkeer:
1.	het zich bewegen of het vervoer van de voertuigen en personen die langs de weg gaan en komen 
2.	omgang 
3.	het verkeren, het gaan en komen 
4.	het overbrengen van berichten via post, telefoon of telegram [Ned.] [Belg.] 

 modaliteit:
1.	[taalk.] de verhouding waarin naar het oordeel van de spreker de inhoud van een zin staat tot de wer-kelijkheid 
2.	[fil.] wijze van zijn of kennen
3.	beding bij een rechtshandeling
4.	theologische stroming in de Nederlandse Hervormde Kerk
5.	[Belg.] specifieke bepaling of voorwaarde volgens welke een plan, voorstel, besluit verder ingevuld en uitgevoerd wordt

Hier een combinatie van de varianten 1 (= bewegen) en 2 (= de manier waarop)
Voorbeelden verkeersmodaliteit (algemeen): verplaatsing m.b.v. fiets, bus, boot, trein, vliegtuig etc.
";;;;;;;;;;
Verkeersplan;;;een ad hoc fase verdelingsplan dat gereed is om uitgevoerd te worden bij de landelijke netwerkbesturing. ;;verdelingsplan (ad hoc fase);;;"Het plan bestaat tenminste uit:
1.	de treinen en buitendienstgestelde gebieden tussen dienstregelpunten
2.	de geplande brugopeningen

Toelichting
Voorheen genoemd: “werkplan VKL”.
Zie bijlage 5.2: “Van patroonbeweging tot procesplan”: de ad hoc fase is het tijdsbestek waarin een geïnte-greerd vervoersplan (alle vervoerders bijeen) voor een specifieke verkeersdag onder regie en beheer staat van de 
verkeersleiding.";;;;;;;;;;
Verkeersrapportage;;;rapportage die voortvloeit uit de onderlinge contractrelaties in de institutionele driehoek: overheid, ProRail en spoorwegondernemingen, afkomstig van uitvoeringsgegevens van de treindienst.;;;;spoorwegonderneming, treindienst;;;;;;;;;;;
Verkeersregie;;;"de besturingseenheid, verantwoordelijk voor 
•	het nemen van verdelingsbesluiten over railinfracapaciteit in de operationele fase
•	het registreren en verstrekken van informatie over deze besluiten 
•	de verwerking van verdelingsbesluiten in operationele systemen
•	het evalueren van de afhandeling van verstoring
•	de orderverwerking in de operationele fase";;;;;;;;;;;;;;;
Versperringsmaatregel;;;een afhandelingsafspraak waarin de wijze van afhandeling van treinen in geval van versperring van een be-paald baanvak of station is vastgelegd.;;afhandelingsafspraak;;trein, station;Een versperringsmaatregel van een bepaald station wordt knooppuntmaatregel genoemd.;;;;;;;;;;
Versterkingsleiding;;;een horizontale, meeraderige geslagen leiding, onderdeel van de bovenleiding, bedoeld voor het verlagen van de elektrische weerstand van de bovenleiding en voor het verlagen van de thermische belasting van rijdraad en draagkabel.;;;;bovenleiding, rijdraad, draagkabel;;;;;;;;;;;
Verstoring;;;een afwijking van een Trein op het verdelingsplan op een dienstregelpunt boven een vastgestelde normwaarde.;;;vertraging, opheffing, omleiding;order normale treindienst;"Er zijn drie soorten verstoringen:
1.	vertragingen groter dan of gelijk aan de onregelmatigheidvertragingsnorm;
2.	opheffing waarvoor geen order normale treindienst is ingediend;
3.	omleiding waarvoor geen order normale treindienst is ingediend.

Toelichting
Zie artikel 23 lid 1 van het Besluit Spoorverkeer.";;;;;;;;;;
Vertraging;;;het verschil tussen de uitvoeringstijd en de oorspronkelijke plantijd van de activiteit. ;;;;uitvoeringstijd, plantijd;"Onder het begrip vertraging wordt ook een vervroeging (dit is een negatieve vertraging) verstaan.
Een activiteit in deze context is een Trein- , rangeer-, materieel-, personeel-of behandelactiviteit.

Toelichting
Momenteel worden alleen uitvoeringstijden vastgelegd bij treinactiviteiten.

De bovenstaande definitie van vertraging is gebaseerd op het oorspronkelijk plan, met als doelgroep reizigers en vervoerders. Het Dagplan fungeert als oorspronkelijk plan, op basis van dit plan worden de vertragingen be-rekend. Sommige reizigers hanteren mogelijkerwijs een oorspronkelijk plan als referentiekader zoals reisplan-ner of spoorboekje. Omdat het referentiekader van de individuele reiziger niet bekend is, de verschillen tussen de verschillende verschijningsvormen van de plannen relatief miniem zijn en het Dagplan het meest actuele plan is, wordt het Dagplan als oorspronkelijk plan gebruikt.
Voor de bijsturing is echter de vertraging zijnde het verschil tussen het uitvoeringstijd en de actuele geplande tijd van een activiteit interessant. Beide definities van vertragingen komen voor, het is daarom zaak voor de le-zer om bij het begrip vertraging duidelijk te krijgen - uit de context - wat het referentiekader is de actuele of de oorspronkelijke plantijd.
Een vertraging is het op conventionele manier afgeronde verschil tussen de uitvoeringstijd en de (oorspronkelij-ke) plantijd. Door het afronden (2:30 wordt 3, 2:29 wordt 2) ontstaat er een naast de onnauwkeurigheid in de bepaling van de uitvoeringstijd een extra onnauwkeurigheid van maximaal 30 seconden.";;;;;;;;;;
Vertragingsmarge;;;de grens van toegestane vertraging waarbinnen een Trein zijn toebedeelde infracapaciteit behoudt.;;;;vertraging, infracapaciteit;;;;;;;;;;;
Vertragingsopvangbuffer;VOB;;de periode waarin de treindienstleider vertraagde treinen in het buitendienst te stellen gebied bijstuurt.;;;;treinsdienstleider, trein, buitendienst;;;;;;;;;;;
Vertrekseinlicht;;;"een lichtsein, in combinatie met een bord met een zwarte ""V"", op een perronspoor dat wit licht uit kan stralen.";;lichtsein;;;"Het branden van dit sein betekent dat het bijbehorende sein uit de stand 'stop' is.

Zie ook: https://otl.prorail.nl/otl/vigerend/Vertrekseinlicht";;;;;;;;;;
Vertrouwensonderzoek;;;de technische controle van internationale treinen.;;;;;"Toelichting
De werkzaamheden zijn verplaatst van de grensstations naar de vertrekstations in het land van vertrek.";;;;;;;;;;
Vervoerder;spoorwegonderneming;;;;;;;"
Van Dale: iem. die personen, dieren of goederen vervoert => transporteur
Hier betrekking hebbend op het vervoer per spoorvoertuig.
De overheid hecht sterk aan de term spoorwegonderneming.";;spoorwegonderneming;;;;;;;;
Vervoermodaliteit;;;binnen het railverkeer een typering van een Trein volgens de indeling naar de lading.;;;;railverkeer, trein;"Van Dale:
vervoer:
 - overbrenging, transport";"voorbeeld van modaliteiten: 
Goederen, Reizigers";;;;;;;;;
Vervoersproces;;;het geheel aan handelingen van ProRail en infragebruikers waarmee het vervoer per Trein van personen en goederen wordt gefaciliteerd.;;;;infragebruiker, vervoer;;;;;;;;;;;
Vervoersvraag;;;de maatschappelijke vraag naar vervoer. ;;;;;;;;;;;;;;;
Vervoerssysteem;;;alle noodzakelijke processen en productiemiddelen voor het geheel aan activiteiten dat gericht is op het verplaatsen van mensen en/of goederen.;;;;;"Toelichting
Indien van toepassing voor vervoer per Trein moet gesproken worden ""railvervoerssysteem""";;;;;;;;;;
Vervoerwaarde;;;het verwachte vervoersvolume (aantal reizigers of aantal tonnen goederen) in een bepaalde regio op grond van het inwoneraantal, de werkgelegenheid en de overige voorzieningen, gerelateerd aan de binnen die regio gel-dende voor- en natransportafstanden;;;;;;;;;;;;;;;
Vital Processor Interlocking;VPI;;een elektronisch fail-safe beveiligingssysteem, dat functioneel gelijkwaardig is aan beveiligingssystemen als ebs en B-relais.;;beveiligingssyteem;;ebs, relais;VPI heeft geen eigen bediensysteem, hiervoor is ebp gekozen.;;;;;;;;;;
Voedingspunt;;;het onderdeel van een voedingsinstallatie dat de aansluiting is met een energieleverend systeem.;;;;aansluiting, systeem;;;;;;;;;;;
Voertuig;;;een vervoermiddel met wielen of glijvlakken voor het vervoer over land van personen en goederen.;;;;vervoer;"Toelichting
Ref. Van Dale";;;;;;;;;;
Volume-inzet;;;de infrainzet voor een samenhangend geheel van infradelen voor langere, soms nader te bepalen tijdsduur.;;infrainzet;;infradeel;“Volume” bestaat uit de combinatie van een (groter) deel van de betrokken infrastructuur en een (langer) tijds-bestek waarin die infrastructuur bezet gehouden wordt. Het tijdsbestek is tenminste 4 weken.;;;;;;;;;;
Voorsein;;;een lichtsein dat aan een hoofdsein voorafgaat en geen rood licht kan uitstralen.;;lichtsein;;hoofdsein;Zie ook: https://otl.prorail.nl/otl/vigerend/Voorsein;;;;;;;;;;
Voorverwarming;treinvoorverwarming;;het inschakelen van de verwarming in een spoorvoertuig uit comfortoverwegingen voor het reizigersvervoer dat daarmee aanstonds gaat plaatsvinden of uit technische overwegingen voor dieselmotoren.;;;;;"In koude tijden worden spoorvoertuigen uit comfortoverwegingen voorverwarmd, zodat de reiziger bij de start van de treindienst in een verwarmd spoorvoertuig stapt. Voor dieseltractie geldt bovendien, dat ook de brand-stof wordt voorverwarmd om startproblemen te voorkomen.
De benodigde energievoorziening kan via de bovenleiding dan wel via depotvoeding (met name bij dieselmateri-eel).";;treinvoorverwarming;;;;;;;;
VPT-systeem;VPT;;"Vervoer Per Trein (VPT) systeem is een Informatie- en communicatiesysteem ter ondersteuning van de plan-ning, besturing en bijsturing van de treindienst.
";;;;;besturing, bijsturing, treindienst, systeem;;;;;;;;;;
Vrijbalk;;;meestal een betonnen balk die zich tussen twee samenlopende of elkaar kruisende sporen bevindt en de ui-terste grens is waar railvoertuigen mogen worden geplaatst zonder de beweging van voertuigen op het an-dere spoor te hinderen.;;;;spoor, railvoertuig, beweging, voertuig;"Dus een zichtbaar (wit gekleurd) fysiek merkteken ter begrenzing van het profiel van vrije ruimte nabij wissels en kruisingen.

Zie ook: https://otl.prorail.nl/otl/vigerend/Vrijbalk";;;;;;;;;;
Vrije baan;;;een gebied dat twee dienstregelpunten of twee PPLG´s* met elkaar verbindt.;;;;dienstregelpunt, PPLG;"Binnen een vrije baan is voor een beweging geen afslagmogelijkheid; er bevinden zich geen door de proceslei-der rijwegen bedienbare wissels. Een vrije baan bestaat uit één of meer vrije baansporen.
*  Als een PPLG uit meerdere direct aaneengesloten dienstregelpunten bestaat, dan zijn de overgangen tussen die dienstregelpunten binnen het PPLG GEEN vrijebaan. Voor die situaties geldt de “of twee PPLG’s” clausule in de definitie. 

Zie ook: https://otl.prorail.nl/otl/vigerend/Vrijebaan";;;;;;;;;;
Vrije kruising;;;een kunstwerk, dat het mogelijk maakt, treinen ongelijkvloers te laten kruisen.;;kunstwerk;;;Wordt uitgevoerd als een fly-over of een dive-under. ;;;;;;;;;;
Vrijgave;;;het na keuring verlof geven om het uit te voeren, te verkopen.;;;;;"Toelichting
Ref. Van Dale

Bij ProRail wordt vrijgave in 2 betekenissen gebruikt:
1.	na controle vrijgeven van een gebied (zie vrijgavegebied) 
2.     na keuring een systeem of infraobject vrijgeven";;;;;;;;;;
Vrijgavegebied;;;een gebied dat (tijdelijk) onttrokken is aan de ter plaatse gangbare beveiliging en bediening en dat bedoeld is om beschikbaar te zijn voor het uitvoeren van activiteiten door infragebruikers, afgeschermd van de reguliere treindienst.;;;;beveiliging, gebied, infragebruiker, treindienst;"Het betreft vaak activiteiten zoals bijvoorbeeld rangeren of het reinigen van spoorvoertuigen.
Afbakening van een vrijgave gebied vindt plaats met behulp van stoptonende seinen, maar binnen het betref-fende gebied is het zichtbaar middels witte knipperlichten nabij de variabele seinen.

Zie ook: https://otl.prorail.nl/otl/vigerend/Vrijgave-Rangeer-Gebied";;;;;;;;;;
Vrijgeven;;;"een activiteit waarin een gewijzigd of nieuw product wordt overgedragen van de ontwikkel- naar 
de beheerorganisatie.";;;;product;;;;;;;;;;;
VWI-zone;werkzone;;;;;;;Niet meer gebruiken.;;;;;;;;;;
Waarschuwingsinstallatie PW;;;Een Waarschuwingsinstallatie Persoonlijke Waarneming is een verzamelnaam voor installaties ten behoeve van persoonlijke veiligheid, die aangeven of er wel of geen spoorvoertuig aankomt en die alleen door een persoon kan worden waargenomen.;;;;spoorvoertuig;Zie ook: https://otl.prorail.nl/otl/vigerend/Permanent-Waarschuwing-Installatie;WUBO, WIBR, en WIT;;;;;;;;;
Wachtspoor;;;een spoor waarop materieel gedurende enige tijd neergezet kan worden als het volgende deel van het af te leggen traject nog niet vrij is. ;;;;;"De Trein blijft deel uitmaken van de treindienst.

Toelichting
Dit is een tegenhanger van ""opstelspoor"", waarbij het opgestelde materieel geen onderdeel is van de trein-dienst.";;;;;;;;;;
Wachttijd Reizigers Trein;WRT;;een afhandelingsafspraak waarin per station en per treinserie de tijd is vastgelegd die een trein mag wachten op een vertraagde andere trein voor het realiseren van een reizigersaansluiting.;;afhandelingsafspraak;;station, treinserie, trein, reizigersaansluiting;;;;;;;;;;;
Wachtvenster;;;het aantal minuten na het actueel geplande insteltijdstip van de planregel waarbinnen de trein alsnog op het be-ginspoor aanwezig moet zijn om de rijweginstelling van de planregel automatisch door ARI te laten uitvoeren. ;;;;rijweginstelling;"Dit geldt voor alle niet aangekondigde rijwegen. 
Het wachtvenster wordt per PPLG ingesteld door de postbeheerder.
";;;;;;;;;;
Wagen;;;elk voertuig zonder eigen voortbewegingsinrichting, bestemd om door middel van een krachtvoertuig te worden bewogen en ingericht voor het vervoer van goederen, post of levende dieren, alsmede elk als zodanig aange-wezen voertuig. ;;voertuig;;krachtvoertuig, post;"Van Dale geeft voor wagon: wagen op rails
De tegenhanger van wagen is rijtuig, dat bestemd is voor het vervoer van personen.";;;;;;;;;;
Wagencontroleur;;;degene die bevoegd is tot het controleren op kenbare gebreken van goederenwagens en de belading daarvan.;;;;;;;;;;;;;;;
Walproces;;;dat deel van de treindienst, dat niet door treinpersoneel (machinist, conducteur) wordt uitgevoerd. ;;;;treindienst, machinist;Bevat de sturing van trein- en rangeerdiensten inclusief het gebruik van de infrastructuur en het materieel.;;;;;;;;;;
Werkplekbeveilingsinstructie;WBI;;een beschrijving van de maatregelen t.b.v. werkplekbeveiliging bij werkzaamheden aan de railinfrastructuur.;;;;werkplekbeveiliging, railinfrastructuur;;;;;;;;;;;
WBI;werkplekbeveilingsinstructie;;;;;;;;;werkplekbeveilingsinstructie;;;;;;;;
Werkcontact;Weco;;een document met daarin de afspraken tussen treindienstleider en leider werkplekbeveiliging en/of bedienings-deskundige SMC bij werkzaamheden aan de infra. Hiermee wordt bij werkzaamheden en/of calamiteiten de verantwoordelijkheid van een spoor(deel) overgedragen.;;;;;;;;;;;;;;;
Weco;werkcontract;;een document met daarin de afspraken tussen treindienstleider en leider werkplekbeveiliging en/of bedienings-deskundige SMC bij werkzaamheden aan de infra. ;;;;Hiermee wordt bij werkzaamheden en/of calamiteiten de verantwoordelijkheid van een spoor(deel) overge-dragen.;;;werkcontract;;;;;;;;
Weekenduren;;;de uren tussen vrijdag 18.00 uur en maandag 07.00 uur, alsmede op algemeen erkende feestdagen, alsmede de avond (uren tussen 18.00 uur en 0.00 uur) voorafgaand aan of de nacht (uren tussen 0.00 uur en 07.00 uur) volgend op een algemeen erkende feestdag.;;;;;Zie ook normale uren en nachturen.;;;;;;;;;;
Wegbekendheid;;;de kennis, die een machinist moet hebben van de infrastructuur van een bepaald baanvak voordat hij daarop mag rijden.;;;;machinist, infrastructuur;;;;;;;;;;;
Wegleeropdracht;;;een document dat de houder recht geeft op toegang tot de cabine met als doel wegbekendheid op te doen op een aangegeven baanvak.;;;;cabine, wegbekendheid;;;;;;;;;;;
Werkinstructie;;;een instructie voor een werktreinbegeleider en een werktreinmachinist die zij moeten opvolgen teneinde de risi-co's die verbonden zijn aan het rijden op een buitendienst gesteld spoor te beheersen.;;;;;;;;;;;;;;;
Werkoverweg;;;een tijdelijke overweg, uitsluitend bedoeld voor bouwverkeer dat een bouwplaats niet via een andere weg kan bereiken.;;overweg;;;;;;;;;;;;;
Werkplaatsspoor;;;een spoor op een werkplaatsterrein.;;spoor;;;;;;;;;;;;;
Werkplek;;;het deel van de railinfrastructuur waar werkzaamheden plaatsvinden.;;railinfrastructuur;;;;;;;;;;;;;
Werkplekbeveiliging;;;een verzameling maatregelen die getroffen moeten worden op en rond de werkplek, teneinde veilig en ongestoord werken te garanderen.;;werkplek, veilig;;;;;;;;;;;;;
Werkplekbeveiligingsklasse;;;geeft aan volgens welke voorschriften een werkplek beveiligd wordt bij werkzaamheden aan de railinfrastruc-tuur.;;;;railinfrastructuur, werkplek;"Er worden voor deze maatregelen diverse klassen onderscheiden, te weten: 
BD = buiten dienst
BT = Beheerste Toelating
GW = Gegarandeerde Waarschuwing
PW = Persoonlijke Waarneming (mag i.v.m. de Arbo niet meer gebruikt worden).";;;;;;;;;;
Werktrein;;;een trein die aan een werk is toegewezen en bedoeld is voor het vervoer van bouw- of onderhoudsmaterialen voor de railinfrastructuur.;;;;railinfrastructuur;"Deze treinen zijn als zodanig ook aangemerkt in de vervoersplannen met een aparte rijkarakteristiek en mogen zich op buitendienst gesteld spoor bevinden.
Zo gauw een werktrein zich binnen een buitendienstgesteld / Buitengebruik genomen gebied bevindt, is hij in fei-te geen trein meer maar gereedschap.
Niet bedoeld worden voertuigen die gebruikt worden als gereedschap op de werkplek (bijv. de graaf- of hijsma-chines die over de rails kunnen voortbewegen).
Ook niet bedoeld wordt het vervoer van ballast uit Duitsland t.b.v. voorraadopslag; deze wordt niet als werktrein gezien maar als een gewone goederentrein.";;;;;;;;;;
Werktreininstructie;;;een instructie voor de begeleider en machinist van een werktrein, bedoeld om de risico’s te beheersen verbonden aan het rijden op een Buitendienstgesteld gebied.;;;;machinist, werktrein, buitendienstgesteld gebied;;;;;;;;;;;
Werkzone;spoorzone;;een vooraf gedefinieerd gebied op de topologie van de railinfrastructuur dat in nauwe samenhang met de be-veiliging is afgebakend ter ondersteuning van het veilig Werken aan de infrastructuur.;;;;railinfrastructuur, beveiliging, veilig, infrastructuur;"Synoniem.
VWI-zone (niet meer gebruiken)
spoorzone

Zie ook: https://otl.prorail.nl/otl/vigerend/Werkzone
";;;;;;;;;;
Wielbandonregelmatigheid;;;een beschadiging in het loopvlak van een treinwiel.;;;;;;;;;;;;;;;
Wijkplaats;;;een plek waar werkenden, eventueel met hun gereedschap, zich op kunnen stellen, zodanig dat aanrijdgevaar is uitgesloten.;;;;;;;;;;;;;;;
Wildviaduct;ecodocut;;;;;;;;;;;;;;;;;
Wissel;;;een infraobject waarmee de fysieke vertakking in het spoorwegnet wordt gerealiseerd.;;;;spoorwegnet;"Er bestaan verschillende soorten wissels, nog afgezien van hun bediening en hoekverhouding:
gewone wissels, hele engels wissels en halve engels wissels.
Een zg. heel engels wissel bestaat fysiek uit een kruising en vier gewone wissels die paarsgewijs gekoppeld zijn (hele engelsman) of een kruising met twee gewone wissels (halve engelsman).

   







Qua hoekverhouding (=mate van afbuiging) kan opgemerkt worden dat verschillende verhoudingsgetallen mo-gelijk zijn, die vervolgens corresponderen met de snelheid waarmee een wissel in de kromme stand (= afbui-gend) bereden mag worden. Veel voorkomend zijn 1:9 (~40 km/u), 1:15 (~80 km/u), 1:34,7 (~140 km/u).

Ook de manier waarop een wissel afbuigend is kan verschillen: afbuigende stand is Linksleidend of Rechtslei-dend, maar ook beide in gelijke mate: een zg. symmetrisch wissel.
Qua bediening zijn er verschillende mogelijkheden: centraal bediend m.b.v. een gemotoriseerde wisselsteller, handbediend (met kloot of motor(“bromwissel”)) en zg. veerwissels die default in een voorkeursstand liggen (m.b.v. een veer) en anders opengereden worden.
De techniek hieromheen kent verschillende varianten; zo zijn moderne veerwissels niet meer fysiek voorzien van een veer, maar wordt hun gedrag gemotoriseerd bestuurd.
In de bediening komt ook het onderling gekoppeld zijn van twee wissels voor: die twee lopen altijd simultaan om in de daarbij geconfigureerde standen.

Zie ook: https://otl.prorail.nl/otl/vigerend/Wissel
";;;;;;;;;;
Wisselcomplex;wisselstraat;;een samenhangende verzameling wissels, die in hun onderling geschakelde ligging de verbindingsfunctie ver-vult tussen verschillende sporen.;;;;wissel, spoor;;;;;;;;;;;
Wisselconstructie;;;de totale verzameling van de elementen waarmee een wissel wordt geconstrueerd, die direct een rol spelen bij het geleiden van een spoorvoertuig (dus exclusief de fundering en de bedieningselementen).;;;;wissel, spoorvoertuig, fundering;;;;;;;;;;;
Wisselkruis;kruiswissel;;een kruis, opgesloten binnen een combinatie van 4 wissels waarbij de wissels afzonderlijk bedienbaar zijn, of met elkaar gekoppeld (gekoppelde wissels);;kruis;;wissel;Niet te verwarren met een engelsman (Heel- of Half- engels wissel). Verschil met een engelsman is dat over een kruiswissel twee gelijktijdige treinbewegingen mogelijk zijn indien alle wissels in de stand vanaf het kruis lig-gen. Bij een engelsman is dat niet mogelijk.;;kruiswissel;;;;;;;;
Wisselligger;;;een houten of betonnen element waarmee de twee niet-parallelle spoorstaven van de wissel op afstand wor-den gehouden en gedragen.;;;;spoorstaaf, wissel;;;;;;;;;;;
Wisselsteller;;;een onderdeel van het bedieningsmechanisme van een wissel, dat de fysieke heen en weer beweging van de wisseltongen verzorgt.;;;;wissel, wisseltong;"Hier zijn verschillende voorkomens van, afhankelijk van de bediening van een wissel, maar ook qua technische implementatie.

Eén wissel kan 1 of 2 stellers hebben. De meeste wissels hebben er 1; hogesnelheidswissels (1:34,7) hebben er meestal 2.
Bij een engels wissel bedient 1 steller simultaan twee wissels (zie de paarsgewijze koppeling aldaar).

Zie ook: https://otl.prorail.nl/otl/vigerend/Wisselsteller";;;;;;;;;;
Wisseltong;;;de door de wisselsteller beweegbare uiteinden aan beide zijden tussen de spoorstaven aan de voorkant van een wissel.;;;;wisselsteller, spoorstaaf, wissel;"De wisseltongen verzorgen de feitelijke aftakking van de rails door óf aan te liggen tegen de rechter spoorstaaf en los te liggen van de linker spoorstaaf en daardoor een afbuiging naar links te faciliteren, óf andersom en een afbuiging naar rechts te faciliteren.

Zie ook: https://otl.prorail.nl/otl/vigerend/Voorkant-Wisseltong";;;;;;;;;;
Wisselverwarming;;;apparatuur waarmee de wisseltong van een wissel kan worden verwarmd.;;;;wisseltong, wissel;Zie ook: https://otl.prorail.nl/otl/vigerend/Wisselverwarming-Installatie;;;;;;;;;;
Wachttijden reizigerstreinen;WRT;;tijden die per station en per treinserie worden vastgesteld en de tijd geven die een trein mag wachten op een vertraagde andere trein voor het realiseren van een reizigersaansluiting.;;;;station, treinserie, reizigersaanlsuiting, trein;;;;;;;;;;;
WRT;wachttijden reizigerstreinen;;;;;;;;;wachttijden reizigerstreinen;;;;;;;;
X/G-sein;;;een sein dat d.m.v. een brandende letter X of G al of niet een groene (of blauwe of rode) golf  garandeert voor een aantal daarachter liggende lichtseinen.;;sein;;;"Een X/G sein is alleen voor zwaar goederenvervoer en/of vervoer gevaarlijke stoffen.

G = gegarandeerde groene golf 
X = geen gegarandeerde groene golf";;;;;;;;;;
Y-draad;;;de verbinding in de bovenleiding die een deel van de functie van de draagkabel overneemt ter plaatse van een ophangpunt en daarmee zorgdraagt voor een nog vlakker verloop van de rijdraad.;;;;bovenleiding, draagkabel, rijdraad;;;;;;;;;;;
Zelfrijdend gereedschap;;;een bijzonder spoorvoertuig, dat bestemd is om op de werkplek als gereedschap te worden gebruikt.;;;;spoorvoertuig, werkplek;;;;;;;;;;;
Zetting;inklinken;;door indroging of het vaster ineenwerken lager worden. ;;;;;"(ref. van Dale) 

Er zijn 2 normen m.b.t. de maximale zetting na vijf jaar vanaf het moment van oplevering van een spoorlijn: 
•	zettingsarm = niet meer dan 30 mm;
•	zettingsvrij   = niet meer dan 10 mm.";;;;;;;;;;
Zijwaartse bevestiging;;;een constructiedeel van de bovenleiding, bedoeld om de rijdraad op een gedefinieerde horizontale positie t.o.v. hart spoor te houden.;;;;bovenleiding, rijdraad, spoor;;;;;;;;;;;
Zinker;;;een inrichting waarin kabels onder een water worden doorgevoerd parallel aan een beweegbare spoorbrug.;;;;spoorbrug;;;;;;;;;;;
Zinkerkast;zinkerkast;;een kast op het landhoofd nabij een beweegbare brug waarin de overgang wordt gemaakt tussen de geleiders afkomstig van een spoor en de geleiders door een zinker.;;;;zinker, spoor;;;;;;;;;;;
Zinkerovergangkast;zinkerkast;;;;;;;;;zinkerkast;;;;;;;;
Zonnekap;;;een kapje rond de lamp van een lichtsein dat het zonlicht van opzij en van boven tegenhoudt .;;;;lichtsein;;;;;;;;;;;
Zwaar goederenvervoer;;;goederenvervoer per trein in een pad met karakteristieken, die vergelijkbaar zijn met de inzet van een goede-rentrein met een bruto treingewicht van 5000 ton, een kruissnelheid van 80 km/h en een toegelaten maximum snelheid van ten minste 100 km/h.;;;;trein, pad, treingewicht, goederentrein;"Dit begrip wordt gebruikt in de capaciteitstoedelingsregels. 
Bij de uitwerking van het model is uitgegaan van drie 4-assige diesel locomotieven van de locserie 6400 van Railion
Deze toevoeging is in de netverklaring opgenomen.";;;;;;;;;;
Zwerfstroom;;;het deel van de tractieretourstroom, dat niet via de spoorstaven of andere onderdelen van de retourleiding te-rugloopt naar het voedende onderstation, maar door de grond loopt en door de daarin aanwezige geleidende voorwerpen wordt afgevoerd.;;;;retourleiding;;;;;;;;;;;